player_id,player_name,player_group,activity_frequency,include_in_rating,initial_rating,initial_eu,initial_marks,initial_dan_date,last_norm_date,first_tournament_date,N_tournaments
P00001,Частая Утренне-Медная Чайка,seagull,frequent,true,1500.0,0,0,,,2017-02-03,30
P00002,Редкая Медно-Чёрная Чайка,seagull,rare,true,1500.0,0,0,,,2017-06-01,22
P00003,Средняя Солнечно-Синяя Чайка,seagull,medium,true,1500.0,0,0,,,2017-01-24,65
P00004,Средняя Звёздно-Зелёная Чайка,seagull,medium,true,1500.0,0,0,,,2017-02-03,27
P00005,Средняя Облачно-Алая Чайка,seagull,medium,true,1500.0,0,0,,,2017-03-03,40
P00006,Частая Медно-Мудрая Чайка,seagull,frequent,true,1500.0,0,0,,,2017-01-20,53
P00007,Средняя Вечерне-Синяя Чайка,seagull,medium,true,1500.0,0,0,,,2017-02-03,26
P00008,Редкая Янтарно-Смелая Чайка,seagull,rare,true,1500.0,0,0,,,2018-06-27,18
P00009,Частая Туманно-Рубиновая Чайка,seagull,frequent,true,1500.0,0,0,,,2017-02-03,72
P00010,Частая Речно-Рыжая Чайка,seagull,frequent,true,1500.0,0,0,,,2017-03-03,41
P00011,Редкая Изумрудно-Быстрая Чайка,seagull,rare,true,1500.0,0,0,,,2017-06-01,32
P00012,Средняя Серебряно-Зелёная Чайка,seagull,medium,true,1500.0,0,0,,,2017-01-20,38
P00013,Редкая Морозно-Серебряная Чайка,seagull,rare,true,1500.0,0,0,,,2017-07-06,15
P00014,Редкая Осенне-Медная Чайка,seagull,rare,true,1500.0,0,0,,,2017-06-05,34
P00015,Частая Морозно-Алая Чайка,seagull,frequent,true,1500.0,0,0,,,2017-01-20,45
P00016,Средняя Горно-Лесная Курочка,chicken,medium,true,1500.0,0,0,,,2017-07-06,32
P00017,Средняя Рубиново-Золотая Курочка,chicken,medium,true,1500.0,0,0,,,2017-02-03,65
P00018,Частая Осенне-Чёрная Курочка,chicken,frequent,true,1500.0,0,0,,,2017-02-03,55
P00019,Частая Полярно-Солнечная Курочка,chicken,frequent,true,1500.0,0,0,,,2017-02-03,77
P00020,Редкая Рассветно-Сапфировая Курочка,chicken,rare,true,1500.0,0,0,,,2017-07-06,26
P00021,Частая Юго-Степная Курочка,chicken,frequent,true,1500.0,0,0,,,2017-03-03,44
P00022,Средняя Юго-Кедровая Курочка,chicken,medium,true,1500.0,0,0,,,2017-01-20,69
P00023,Частая Вечерне-Сапфировая Курочка,chicken,frequent,true,1500.0,0,0,,,2017-01-20,64
P00024,Частая Лесно-Янтарная Курочка,chicken,frequent,true,1500.0,0,0,,,2017-02-03,76
P00025,Частая Озёрно-Лунная Курочка,chicken,frequent,true,1500.0,0,0,,,2017-02-03,80
P00026,Редкая Зимне-Полярная Курочка,chicken,rare,true,1500.0,0,0,,,2017-07-06,25
P00027,Частая Северо-Пёстрая Курочка,chicken,frequent,true,1500.0,0,0,,,2017-03-03,57
P00028,Средняя Туманно-Утренняя Курочка,chicken,medium,true,1500.0,0,0,,,2017-03-03,54
P00029,Средняя Утренне-Туманная Курочка,chicken,medium,true,1500.0,0,0,,,2017-03-03,13
P00030,Средняя Вечерне-Весенняя Курочка,chicken,medium,true,1500.0,0,0,,,2017-03-03,35
P00031,Редкая Лесно-Степная Курочка,chicken,rare,true,1500.0,0,0,,,2017-02-03,18
P00032,Редкая Рубиново-Солнечная Курочка,chicken,rare,true,1500.0,0,0,,,2017-01-20,20
P00033,Средняя Изумрудно-Сапфировая Курочка,chicken,medium,true,1500.0,0,0,,,2017-09-01,24
P00034,Редкая Вечерне-Кедровая Курочка,chicken,rare,true,1500.0,0,0,,,2018-04-14,12
P00035,Частая Золото-Чёрная Курочка,chicken,frequent,true,1500.0,0,0,,,2017-03-03,36
P00036,Редкая Янтарно-Чёрная Курочка,chicken,rare,true,1500.0,0,0,,,2017-06-05,10
P00037,Средняя Весенне-Лунная Курочка,chicken,medium,true,1500.0,0,0,,,2017-01-20,52
P00038,Редкая Весенне-Речная Курочка,chicken,rare,true,1500.0,0,0,,,2019-01-27,20
P00039,Средняя Речно-Озёрная Курочка,chicken,medium,true,1500.0,0,0,,,2017-07-06,61
P00040,Редкая Утренне-Мудрая Курочка,chicken,rare,true,1500.0,0,0,,,2017-01-20,21
P00041,Редкая Медно-Лёгкая Курочка,chicken,rare,true,1500.0,0,0,,,2017-06-15,23
P00042,Средняя Вечерне-Рубиновая Курочка,chicken,medium,true,1500.0,0,0,,,2017-02-03,18
P00043,Редкая Медно-Зоркая Курочка,chicken,rare,true,1500.0,0,0,,,2017-03-03,13
P00044,Средняя Туманно-Южная Курочка,chicken,medium,true,1500.0,0,0,,,2017-03-03,29
P00045,Средняя Горно-Рыжая Курочка,chicken,medium,true,1500.0,0,0,,,2017-03-03,43
P00046,Редкая Янтарно-Зимняя Курочка,chicken,rare,true,1500.0,0,0,,,2017-03-03,19
P00047,Редкая Золото-Быстрая Курочка,chicken,rare,true,1500.0,0,0,,,2017-10-11,23
P00048,Частая Серебряно-Кедровая Курочка,chicken,frequent,true,1500.0,0,0,,,2017-01-20,57
P00049,Частая Юго-Медная Курочка,chicken,frequent,true,1500.0,0,0,,,2017-06-05,31
P00050,Редкая Туманно-Быстрая Курочка,chicken,rare,true,1500.0,0,0,,,2017-06-05,19
P00051,Редкая Золото-Зимняя Курочка,chicken,rare,true,1500.0,0,0,,,2017-01-24,22
P00052,Средняя Облачно-Озёрная Курочка,chicken,medium,true,1500.0,0,0,,,2017-06-05,78
P00053,Частая Туманно-Упрямая Курочка,chicken,frequent,true,1500.0,0,0,,,2017-02-03,51
P00054,Частая Рубиново-Зелёная Курочка,chicken,frequent,true,1500.0,0,0,,,2017-02-03,34
P00055,Частая Утренне-Лёгкая Курочка,chicken,frequent,true,1500.0,0,0,,,2017-02-03,54
P00056,Средний Янтарно-Чёрный Голубь,pigeon,medium,true,1500.0,0,0,,,2017-06-05,47
P00057,Средний Полярно-Упрямый Голубь,pigeon,medium,true,1500.0,0,0,,,2017-01-20,71
P00058,Редкий Золото-Золотой Голубь,pigeon,rare,true,1500.0,0,0,,,2017-07-06,12
P00059,Частый Лесно-Смелый Голубь,pigeon,frequent,true,1500.0,0,0,,,2017-02-03,43
P00060,Редкий Летне-Туманный Голубь,pigeon,rare,true,1500.0,0,0,,,2017-06-05,10
P00061,Средний Кедрово-Южный Голубь,pigeon,medium,true,1500.0,0,0,,,2017-06-05,33
P00062,Редкий Облачно-Золотой Голубь,pigeon,rare,true,1500.0,0,0,,,2018-03-09,21
P00063,Редкий Звёздно-Тихий Голубь,pigeon,rare,true,1500.0,0,0,,,2018-03-25,32
P00064,Частый Летне-Мудрый Голубь,pigeon,frequent,true,1500.0,0,0,,,2017-02-03,35
P00065,Средний Лунно-Ясный Голубь,pigeon,medium,true,1500.0,0,0,,,2017-06-15,72
P00066,Редкий Летне-Звёздный Голубь,pigeon,rare,true,1500.0,0,0,,,2017-06-05,22
P00067,Частый Сапфирово-Тихий Голубь,pigeon,frequent,true,1500.0,0,0,,,2017-02-03,66
P00068,Частый Горно-Степной Голубь,pigeon,frequent,true,1500.0,0,0,,,2017-02-03,68
P00069,Редкий Рассветно-Осенний Голубь,pigeon,rare,true,1500.0,0,0,,,2017-06-15,21
P00070,Средний Рубиново-Солнечный Голубь,pigeon,medium,true,1500.0,0,0,,,2017-02-03,45
P00071,Средний Степно-Зоркий Голубь,pigeon,medium,true,1500.0,0,0,,,2017-01-20,40
P00072,Частый Утренне-Солнечный Голубь,pigeon,frequent,true,1500.0,0,0,,,2017-02-03,40
P00073,Частый Рассветно-Степной Голубь,pigeon,frequent,true,1500.0,0,0,,,2017-06-05,54
P00074,Редкий Морозно-Горный Голубь,pigeon,rare,true,1500.0,0,0,,,2017-06-05,14
P00075,Редкий Серебряно-Изумрудный Голубь,pigeon,rare,true,1500.0,0,0,,,2018-01-21,32
P00076,Частый Рубиново-Речной Голубь,pigeon,frequent,true,1500.0,0,0,,,2017-01-20,73
P00077,Частый Закатно-Алый Голубь,pigeon,frequent,true,1500.0,0,0,,,2017-02-03,37
P00078,Средний Медно-Упрямый Голубь,pigeon,medium,true,1500.0,0,0,,,2017-03-03,35
P00079,Частый Закатно-Лёгкий Голубь,pigeon,frequent,true,1500.0,0,0,,,2017-02-03,53
P00080,Частый Лунно-Изумрудный Голубь,pigeon,frequent,true,1500.0,0,0,,,2017-01-20,115
P00081,Средний Речно-Синий Голубь,pigeon,medium,true,1500.0,0,0,,,2017-03-03,37
P00082,Частый Морозно-Медный Голубь,pigeon,frequent,true,1500.0,0,0,,,2017-01-20,94
P00083,Редкий Степно-Рыжий Голубь,pigeon,rare,true,1500.0,0,0,,,2017-02-03,12
P00084,Средний Осенне-Северный Голубь,pigeon,medium,true,1500.0,0,0,,,2017-06-05,41
P00085,Редкий Лесно-Речной Голубь,pigeon,rare,true,1500.0,0,0,,,2017-08-08,19
P00086,Средний Кедрово-Лунный Голубь,pigeon,medium,true,1500.0,0,0,,,2017-01-24,46
P00087,Средний Осенне-Южный Голубь,pigeon,medium,true,1500.0,0,0,,,2017-01-20,47
P00088,Редкий Вечерне-Алый Голубь,pigeon,rare,true,1500.0,0,0,,,2018-09-18,12
P00089,Редкий Вечерне-Рубиновый Голубь,pigeon,rare,true,1500.0,0,0,,,2018-03-09,18
P00090,Редкий Полярно-Полярный Голубь,pigeon,rare,true,1500.0,0,0,,,2017-10-17,15
P00091,Средний Рассветно-Янтарный Голубь,pigeon,medium,true,1500.0,0,0,,,2017-03-03,24
P00092,Частый Лунно-Летний Голубь,pigeon,frequent,true,1500.0,0,0,,,2017-02-03,21
P00093,Средний Изумрудно-Серый Голубь,pigeon,medium,true,1500.0,0,0,,,2017-02-03,19
P00094,Частый Серебряно-Смелый Голубь,pigeon,frequent,true,1500.0,0,0,,,2017-01-24,56
P00095,Средний Морозно-Осенний Голубь,pigeon,medium,true,1500.0,0,0,,,2017-06-15,34
P00096,Редкий Рассветно-Речной Голубь,pigeon,rare,true,1500.0,0,0,,,2017-01-24,13
P00097,Частый Морозно-Мудрый Голубь,pigeon,frequent,true,1500.0,0,0,,,2017-01-20,78
P00098,Частый Зимне-Упрямый Голубь,pigeon,frequent,true,1500.0,0,0,,,2017-02-03,46
P00099,Средний Вечерне-Весенний Голубь,pigeon,medium,true,1500.0,0,0,,,2017-02-03,83
P00100,Редкий Северо-Лёгкий Голубь,pigeon,rare,true,1500.0,0,0,,,2017-01-24,20
P00101,Редкая Летне-Ясная Утка,duck,rare,false,1500.0,0,0,,,2017-06-01,3
P00102,Частая Морозно-Степная Утка,duck,frequent,false,1500.0,0,0,,,2017-06-01,14
P00103,Средняя Речно-Упрямая Утка,duck,medium,false,1500.0,0,0,,,2017-06-01,10
P00104,Средняя Зимне-Солнечная Утка,duck,medium,false,1500.0,0,0,,,2017-06-01,12
P00105,Средняя Зимне-Серая Утка,duck,medium,false,1500.0,0,0,,,2017-06-01,11
P00106,Редкая Полярно-Степная Утка,duck,rare,false,1500.0,0,0,,,2017-06-01,4
P00107,Частая Полярно-Вечерняя Утка,duck,frequent,false,1500.0,0,0,,,2017-06-01,17
P00108,Средняя Юго-Чёрная Утка,duck,medium,false,1500.0,0,0,,,2017-06-01,7
P00109,Частая Лунно-Лесная Утка,duck,frequent,false,1500.0,0,0,,,2017-06-01,15
P00110,Частая Солнечно-Северная Утка,duck,frequent,false,1500.0,0,0,,,2017-06-01,17
P00111,Средняя Летне-Янтарная Утка,duck,medium,false,1500.0,0,0,,,2017-06-01,16
P00112,Средняя Лунно-Рубиновая Утка,duck,medium,false,1500.0,0,0,,,2017-06-01,12
P00113,Средняя Горно-Степная Утка,duck,medium,false,1500.0,0,0,,,2017-06-01,9
P00114,Редкая Лунно-Алая Утка,duck,rare,false,1500.0,0,0,,,2017-06-01,4
P00115,Частая Степно-Ясная Утка,duck,frequent,false,1500.0,0,0,,,2017-06-01,14
P00116,Редкая Звёздно-Звёздная Утка,duck,rare,false,1500.0,0,0,,,2017-06-01,2
P00117,Редкая Зимне-Южная Утка,duck,rare,false,1500.0,0,0,,,2017-06-01,4
P00118,Редкая Янтарно-Рыжая Утка,duck,rare,false,1500.0,0,0,,,2017-06-01,6
P00119,Частая Облачно-Южная Утка,duck,frequent,false,1500.0,0,0,,,2017-06-01,18
P00120,Средняя Степно-Туманная Утка,duck,medium,false,1500.0,0,0,,,2017-06-01,6
P00121,Частая Лесно-Зоркая Утка,duck,frequent,false,1500.0,0,0,,,2017-06-01,18
P00122,Средняя Сапфирово-Синяя Утка,duck,medium,false,1500.0,0,0,,,2017-06-01,10
P00123,Редкая Закатно-Лёгкая Утка,duck,rare,false,1500.0,0,0,,,2017-06-01,5
P00124,Средняя Янтарно-Изумрудная Утка,duck,medium,false,1500.0,0,0,,,2017-06-01,12
P00125,Редкая Озёрно-Синяя Утка,duck,rare,false,1500.0,0,0,,,2017-06-01,4
P00126,Частая Кедрово-Синяя Утка,duck,frequent,false,1500.0,0,0,,,2017-06-01,17
P00127,Частая Медно-Медная Утка,duck,frequent,false,1500.0,0,0,,,2017-06-01,13
P00128,Частая Туманно-Зимняя Утка,duck,frequent,false,1500.0,0,0,,,2017-06-01,19
P00129,Частая Сапфирово-Зоркая Утка,duck,frequent,false,1500.0,0,0,,,2017-06-01,18
P00130,Редкая Полярно-Зелёная Утка,duck,rare,false,1500.0,0,0,,,2017-06-01,6
P00131,Частая Юго-Лёгкая Утка,duck,frequent,false,1500.0,0,0,,,2017-06-01,17
P00132,Средняя Рассветно-Степная Утка,duck,medium,false,1500.0,0,0,,,2017-06-01,9
P00133,Средняя Медно-Речная Утка,duck,medium,false,1500.0,0,0,,,2017-06-01,7
P00134,Средняя Горно-Южная Утка,duck,medium,false,1500.0,0,0,,,2017-06-01,12
P00135,Средняя Весенне-Осенняя Утка,duck,medium,false,1500.0,0,0,,,2017-06-01,12
P00136,Частая Вечерне-Лесная Утка,duck,frequent,false,1500.0,0,0,,,2017-06-01,19
P00137,Средняя Речно-Полярная Утка,duck,medium,false,1500.0,0,0,,,2017-06-01,11
P00138,Средняя Сапфирово-Сапфировая Утка,duck,medium,false,1500.0,0,0,,,2017-06-01,9
P00139,Частая Солнечно-Пёстрая Утка,duck,frequent,false,1500.0,0,0,,,2017-06-01,15
P00140,Частая Серебряно-Туманная Утка,duck,frequent,false,1500.0,0,0,,,2017-06-01,18
P00141,Редкая Лунно-Синяя Утка,duck,rare,false,1500.0,0,0,,,2017-06-01,6
P00142,Средняя Серебряно-Осенняя Утка,duck,medium,false,1500.0,0,0,,,2017-06-01,14
P00143,Средняя Степно-Звёздная Утка,duck,medium,false,1500.0,0,0,,,2017-06-01,5
P00144,Частая Утренне-Смелая Утка,duck,frequent,false,1500.0,0,0,,,2017-06-01,14
P00145,Средняя Сапфирово-Мудрая Утка,duck,medium,false,1500.0,0,0,,,2017-06-01,15
P00146,Частая Озёрно-Зимняя Утка,duck,frequent,false,1500.0,0,0,,,2017-06-01,13
P00147,Редкая Облачно-Вечерняя Утка,duck,rare,false,1500.0,0,0,,,2017-06-01,3
P00148,Редкая Зимне-Северная Утка,duck,rare,false,1500.0,0,0,,,2017-06-01,7
P00149,Частая Серебряно-Зелёная Утка,duck,frequent,false,1500.0,0,0,,,2017-06-01,16
P00150,Редкая Зимне-Осенняя Утка,duck,rare,false,1500.0,0,0,,,2017-06-01,5
P00151,Редкая Вечерне-Алая Утка,duck,rare,false,1500.0,0,0,,,2017-06-01,6
P00152,Частая Осенне-Алая Утка,duck,frequent,false,1500.0,0,0,,,2017-06-01,15
P00153,Частая Полярно-Озёрная Утка,duck,frequent,false,1500.0,0,0,,,2017-06-01,14
P00154,Частая Звёздно-Быстрая Утка,duck,frequent,false,1500.0,0,0,,,2017-06-01,15
P00155,Средняя Закатно-Южная Утка,duck,medium,false,1500.0,0,0,,,2017-06-01,9
P00156,Средняя Солнечно-Речная Утка,duck,medium,false,1500.0,0,0,,,2017-06-01,11
P00157,Средняя Изумрудно-Ясная Утка,duck,medium,false,1500.0,0,0,,,2017-06-01,6
P00158,Средняя Озёрно-Кедровая Утка,duck,medium,false,1500.0,0,0,,,2017-06-01,11
P00159,Средняя Морозно-Полярная Утка,duck,medium,false,1500.0,0,0,,,2017-06-01,10
P00160,Редкая Озёрно-Золотая Утка,duck,rare,false,1500.0,0,0,,,2017-06-01,6
P00161,Редкая Туманно-Горная Утка,duck,rare,false,1500.0,0,0,,,2017-06-01,4
P00162,Частая Горно-Алая Утка,duck,frequent,false,1500.0,0,0,,,2017-06-01,16
P00163,Редкая Речно-Тихая Утка,duck,rare,false,1500.0,0,0,,,2017-06-01,4
P00164,Частая Утренне-Утренняя Утка,duck,frequent,false,1500.0,0,0,,,2017-06-01,17
P00165,Редкая Звёздно-Изумрудная Утка,duck,rare,false,1500.0,0,0,,,2017-06-01,6
P00166,Средняя Звёздно-Туманная Утка,duck,medium,false,1500.0,0,0,,,2017-06-01,11
P00167,Частая Юго-Золотая Утка,duck,frequent,false,1500.0,0,0,,,2017-06-01,19
P00168,Средняя Лесно-Серебряная Утка,duck,medium,false,1500.0,0,0,,,2017-06-01,10
P00169,Средняя Рубиново-Вечерняя Утка,duck,medium,false,1500.0,0,0,,,2017-06-01,11
P00170,Частая Весенне-Рубиновая Утка,duck,frequent,false,1500.0,0,0,,,2017-06-01,14
P00171,Частая Сапфирово-Степная Утка,duck,frequent,false,1500.0,0,0,,,2017-06-01,17
P00172,Средняя Янтарно-Тихая Утка,duck,medium,false,1500.0,0,0,,,2017-06-01,10
P00173,Частая Полярно-Зимняя Утка,duck,frequent,false,1500.0,0,0,,,2017-06-01,15
P00174,Редкая Серебряно-Мудрая Утка,duck,rare,false,1500.0,0,0,,,2017-06-01,3
P00175,Редкий Весенне-Смелый Хамелеон,chameleon,rare,true,1500.0,0,0,,,2017-06-05,29
P00176,Частый Туманно-Смелый Хамелеон,chameleon,frequent,true,1500.0,0,0,,,2017-06-05,50
P00177,Редкий Рубиново-Алый Хамелеон,chameleon,rare,true,1500.0,0,0,,,2017-09-01,22
P00178,Редкий Морозно-Золотой Хамелеон,chameleon,rare,true,1500.0,0,0,,,2017-09-01,13
P00179,Редкий Озёрно-Мудрый Хамелеон,chameleon,rare,true,1500.0,0,0,,,2017-09-01,17
P00180,Редкий Солнечно-Чёрный Хамелеон,chameleon,rare,true,1500.0,0,0,,,2017-09-01,10
P00181,Средний Северо-Осенний Хамелеон,chameleon,medium,true,1500.0,0,0,,,2017-09-01,41
P00182,Средний Речно-Звёздный Хамелеон,chameleon,medium,true,1500.0,0,0,,,2017-09-01,51
P00183,Средний Осенне-Белый Хамелеон,chameleon,medium,true,1500.0,0,0,,,2017-09-01,22
P00184,Частая Солнечно-Облачная Утка,duck,frequent,false,1500.0,0,0,,,2018-06-06,14
P00185,Редкая Весенне-Весенняя Утка,duck,rare,false,1500.0,0,0,,,2018-06-06,4
P00186,Редкая Рассветно-Полярная Утка,duck,rare,false,1500.0,0,0,,,2018-06-06,8
P00187,Частая Рассветно-Зимняя Утка,duck,frequent,false,1500.0,0,0,,,2018-06-06,15
P00188,Редкая Вечерне-Северная Утка,duck,rare,false,1500.0,0,0,,,2018-06-06,5
P00189,Частая Северо-Облачная Утка,duck,frequent,false,1500.0,0,0,,,2018-06-06,19
P00190,Редкая Серебряно-Чёрная Утка,duck,rare,false,1500.0,0,0,,,2018-06-06,3
P00191,Средняя Весенне-Ясная Утка,duck,medium,false,1500.0,0,0,,,2018-06-06,8
P00192,Редкая Кедрово-Осенняя Утка,duck,rare,false,1500.0,0,0,,,2018-06-06,2
P00193,Частая Золото-Тихая Утка,duck,frequent,false,1500.0,0,0,,,2018-06-06,17
P00194,Средняя Рубиново-Весенняя Утка,duck,medium,false,1500.0,0,0,,,2018-06-06,9
P00195,Редкая Серебряно-Рубиновая Утка,duck,rare,false,1500.0,0,0,,,2018-06-06,4
P00196,Редкая Летне-Утренняя Утка,duck,rare,false,1500.0,0,0,,,2018-06-06,5
P00197,Частая Вечерне-Чёрная Утка,duck,frequent,false,1500.0,0,0,,,2018-06-06,18
P00198,Частая Медно-Пёстрая Утка,duck,frequent,false,1500.0,0,0,,,2018-06-06,12
P00199,Редкая Золото-Туманная Утка,duck,rare,false,1500.0,0,0,,,2018-06-06,3
P00200,Редкая Звёздно-Янтарная Утка,duck,rare,false,1500.0,0,0,,,2018-06-06,2
P00201,Средняя Янтарно-Рубиновая Утка,duck,medium,false,1500.0,0,0,,,2018-06-06,8
P00202,Частая Рубиново-Тихая Утка,duck,frequent,false,1500.0,0,0,,,2018-06-06,15
P00203,Средняя Озёрно-Лунная Утка,duck,medium,false,1500.0,0,0,,,2018-06-06,7
P00204,Редкая Горно-Зимняя Утка,duck,rare,false,1500.0,0,0,,,2018-06-06,6
P00205,Частая Лунно-Кедровая Утка,duck,frequent,false,1500.0,0,0,,,2018-06-06,18
P00206,Средняя Утренне-Мудрая Утка,duck,medium,false,1500.0,0,0,,,2018-06-06,12
P00207,Частая Облачно-Смелая Утка,duck,frequent,false,1500.0,0,0,,,2018-06-06,15
P00208,Частая Озёрно-Северная Утка,duck,frequent,false,1500.0,0,0,,,2018-06-06,16
P00209,Частая Горно-Синяя Утка,duck,frequent,false,1500.0,0,0,,,2018-06-06,17
P00210,Средняя Степно-Зимняя Утка,duck,medium,false,1500.0,0,0,,,2018-06-06,7
P00211,Средняя Речно-Быстрая Утка,duck,medium,false,1500.0,0,0,,,2018-06-06,11
P00212,Средняя Морозно-Рубиновая Утка,duck,medium,false,1500.0,0,0,,,2018-06-06,14
P00213,Редкая Закатно-Солнечная Утка,duck,rare,false,1500.0,0,0,,,2018-06-06,1
P00214,Частая Вечерне-Синяя Утка,duck,frequent,false,1500.0,0,0,,,2018-06-06,13
P00215,Средняя Весенне-Озёрная Утка,duck,medium,false,1500.0,0,0,,,2018-06-06,9
P00216,Частая Облачно-Белая Утка,duck,frequent,false,1500.0,0,0,,,2018-06-06,15
P00217,Средняя Рубиново-Ясная Утка,duck,medium,false,1500.0,0,0,,,2018-06-06,10
P00218,Средняя Озёрно-Облачная Утка,duck,medium,false,1500.0,0,0,,,2018-06-06,11
P00219,Средняя Солнечно-Летняя Утка,duck,medium,false,1500.0,0,0,,,2018-06-06,8
P00220,Средняя Северо-Зимняя Утка,duck,medium,false,1500.0,0,0,,,2018-06-06,11
P00221,Редкая Янтарно-Северная Утка,duck,rare,false,1500.0,0,0,,,2018-06-06,6
P00222,Частая Туманно-Изумрудная Утка,duck,frequent,false,1500.0,0,0,,,2018-06-06,15
P00223,Частая Летне-Летняя Утка,duck,frequent,false,1500.0,0,0,,,2018-06-06,13
P00224,Средняя Рассветно-Золотая Утка,duck,medium,false,1500.0,0,0,,,2018-06-06,4
P00225,Редкая Серебряно-Смелая Утка,duck,rare,false,1500.0,0,0,,,2018-06-06,4
P00226,Редкая Серебряно-Зимняя Утка,duck,rare,false,1500.0,0,0,,,2018-06-06,2
P00227,Редкая Рассветно-Белая Утка,duck,rare,false,1500.0,0,0,,,2018-06-06,2
P00228,Редкая Звёздно-Полярная Утка,duck,rare,false,1500.0,0,0,,,2018-06-06,1
P00229,Частая Янтарно-Лёгкая Утка,duck,frequent,false,1500.0,0,0,,,2018-06-06,13
P00230,Редкая Золото-Рубиновая Утка,duck,rare,false,1500.0,0,0,,,2018-06-06,2
P00231,Редкая Сапфирово-Вечерняя Утка,duck,rare,false,1500.0,0,0,,,2018-06-06,2
P00232,Частая Кедрово-Рубиновая Утка,duck,frequent,false,1500.0,0,0,,,2018-06-06,16
P00233,Средняя Степно-Северная Утка,duck,medium,false,1500.0,0,0,,,2018-06-06,13
P00234,Средняя Закатно-Озёрная Утка,duck,medium,false,1500.0,0,0,,,2018-06-06,12
P00235,Редкая Озёрно-Рыжая Утка,duck,rare,false,1500.0,0,0,,,2018-06-06,2
P00236,Частая Речно-Звёздная Утка,duck,frequent,false,1500.0,0,0,,,2018-06-06,14
P00237,Редкая Янтарно-Осенняя Утка,duck,rare,false,1500.0,0,0,,,2018-06-06,6
P00238,Редкая Речно-Степная Утка,duck,rare,false,1500.0,0,0,,,2018-06-06,4
P00239,Частая Озёрно-Горная Утка,duck,frequent,false,1500.0,0,0,,,2018-06-06,18
P00240,Частая Летне-Тихая Утка,duck,frequent,false,1500.0,0,0,,,2018-06-06,16
P00241,Редкая Облачно-Алая Утка,duck,rare,false,1500.0,0,0,,,2018-06-06,4
P00242,Средняя Речно-Янтарная Утка,duck,medium,false,1500.0,0,0,,,2018-06-06,11
P00243,Средняя Облачно-Осенняя Утка,duck,medium,false,1500.0,0,0,,,2018-06-06,10
P00244,Средняя Звёздно-Осенняя Утка,duck,medium,false,1500.0,0,0,,,2018-06-06,13
P00245,Средняя Горно-Лёгкая Утка,duck,medium,false,1500.0,0,0,,,2018-06-06,8
P00246,Частая Зимне-Степная Утка,duck,frequent,false,1500.0,0,0,,,2018-06-06,16
P00247,Редкая Озёрно-Вечерняя Утка,duck,rare,false,1500.0,0,0,,,2018-06-06,5
P00248,Частая Степно-Весенняя Утка,duck,frequent,false,1500.0,0,0,,,2018-06-06,17
P00249,Средняя Вечерне-Летняя Утка,duck,medium,false,1500.0,0,0,,,2018-06-06,8
P00250,Средняя Полярно-Чёрная Утка,duck,medium,false,1500.0,0,0,,,2018-06-06,5
P00251,Редкая Лесно-Лесная Утка,duck,rare,false,1500.0,0,0,,,2018-06-06,2
P00252,Частая Кедрово-Туманная Утка,duck,frequent,false,1500.0,0,0,,,2018-10-26,14
P00253,Средняя Кедрово-Облачная Утка,duck,medium,false,1500.0,0,0,,,2018-10-26,5
P00254,Частая Сапфирово-Туманная Утка,duck,frequent,false,1500.0,0,0,,,2018-10-26,13
P00255,Частая Северо-Лёгкая Утка,duck,frequent,false,1500.0,0,0,,,2018-10-26,15
P00256,Редкая Морозно-Ясная Утка,duck,rare,false,1500.0,0,0,,,2018-10-26,4
P00257,Частая Рубиново-Озёрная Утка,duck,frequent,false,1500.0,0,0,,,2018-10-26,13
P00258,Средняя Вечерне-Степная Утка,duck,medium,false,1500.0,0,0,,,2018-10-26,5
P00259,Средняя Полярно-Белая Утка,duck,medium,false,1500.0,0,0,,,2018-10-26,11
P00260,Редкая Утренне-Пёстрая Утка,duck,rare,false,1500.0,0,0,,,2018-10-26,4
P00261,Редкая Золото-Вечерняя Утка,duck,rare,false,1500.0,0,0,,,2018-10-26,5
P00262,Редкая Золото-Северная Утка,duck,rare,false,1500.0,0,0,,,2018-10-26,3
P00263,Редкая Серебряно-Зоркая Утка,duck,rare,false,1500.0,0,0,,,2018-10-26,4
P00264,Средняя Закатно-Кедровая Утка,duck,medium,false,1500.0,0,0,,,2018-10-26,7
P00265,Редкая Утренне-Горная Утка,duck,rare,false,1500.0,0,0,,,2018-10-26,5
P00266,Средняя Весенне-Летняя Утка,duck,medium,false,1500.0,0,0,,,2018-10-26,11
P00267,Частая Туманно-Серая Утка,duck,frequent,false,1500.0,0,0,,,2018-10-26,16
P00268,Средняя Озёрно-Быстрая Утка,duck,medium,false,1500.0,0,0,,,2018-10-26,8
P00269,Редкая Янтарно-Чёрная Утка,duck,rare,false,1500.0,0,0,,,2018-10-26,6
P00270,Средняя Лунно-Серая Утка,duck,medium,false,1500.0,0,0,,,2018-10-26,11
P00271,Средняя Облачно-Пёстрая Утка,duck,medium,false,1500.0,0,0,,,2018-10-26,9
P00272,Средняя Рассветно-Синяя Утка,duck,medium,false,1500.0,0,0,,,2018-10-26,9
P00273,Средняя Рубиново-Солнечная Утка,duck,medium,false,1500.0,0,0,,,2018-10-26,6
P00274,Частая Степно-Мудрая Утка,duck,frequent,false,1500.0,0,0,,,2018-10-26,16
P00275,Средний Солнечно-Осенний Хамелеон,chameleon,medium,true,1500.0,0,0,,,2019-05-20,33
P00276,Средний Степно-Озёрный Хамелеон,chameleon,medium,true,1500.0,0,0,,,2019-05-20,15
P00277,Средний Звёздно-Зоркий Хамелеон,chameleon,medium,true,1500.0,0,0,,,2019-05-29,30
P00278,Частый Медно-Осенний Хамелеон,chameleon,frequent,true,1500.0,0,0,,,2019-05-29,42
P00279,Средний Серебряно-Серебряный Хамелеон,chameleon,medium,true,1500.0,0,0,,,2019-05-29,36
P00280,Редкий Северо-Пёстрый Хамелеон,chameleon,rare,true,1500.0,0,0,,,2019-05-29,23
P00281,Средний Зимне-Смелый Хамелеон,chameleon,medium,true,1500.0,0,0,,,2019-05-29,26
P00282,Средний Зимне-Янтарный Хамелеон,chameleon,medium,true,1500.0,0,0,,,2019-05-29,34
P00283,Частая Лунно-Степная Утка,duck,frequent,false,1500.0,0,0,,,2020-07-13,13
P00284,Средняя Осенне-Серебряная Утка,duck,medium,false,1500.0,0,0,,,2020-07-13,11
P00285,Средняя Морозно-Зелёная Утка,duck,medium,false,1500.0,0,0,,,2020-07-13,9
P00286,Частая Осенне-Весенняя Утка,duck,frequent,false,1500.0,0,0,,,2020-07-13,13
P00287,Средняя Речно-Осенняя Утка,duck,medium,false,1500.0,0,0,,,2020-07-13,9
P00288,Частая Степно-Пёстрая Утка,duck,frequent,false,1500.0,0,0,,,2020-07-13,14
P00289,Средняя Летне-Сапфировая Утка,duck,medium,false,1500.0,0,0,,,2020-07-13,6
P00290,Редкая Летне-Лёгкая Утка,duck,rare,false,1500.0,0,0,,,2020-07-13,3
P00291,Частая Янтарно-Медная Утка,duck,frequent,false,1500.0,0,0,,,2020-07-13,14
P00292,Средняя Осенне-Облачная Утка,duck,medium,false,1500.0,0,0,,,2020-07-13,8
P00293,Редкая Зимне-Чёрная Утка,duck,rare,false,1500.0,0,0,,,2020-07-13,4
P00294,Частая Лесно-Сапфировая Утка,duck,frequent,false,1500.0,0,0,,,2020-07-13,11
P00295,Частая Кедрово-Быстрая Утка,duck,frequent,false,1500.0,0,0,,,2020-07-13,11
P00296,Редкая Озёрно-Чёрная Утка,duck,rare,false,1500.0,0,0,,,2020-07-13,4
P00297,Редкая Утренне-Летняя Утка,duck,rare,false,1500.0,0,0,,,2020-07-13,4
P00298,Частая Летне-Степная Утка,duck,frequent,false,1500.0,0,0,,,2020-07-13,15
P00299,Редкая Рассветно-Южная Утка,duck,rare,false,1500.0,0,0,,,2020-08-01,4
P00300,Частая Изумрудно-Серая Утка,duck,frequent,false,1500.0,0,0,,,2020-08-01,10
P00301,Средняя Закатно-Тихая Утка,duck,medium,false,1500.0,0,0,,,2020-08-01,10
P00302,Средняя Полярно-Солнечная Утка,duck,medium,false,1500.0,0,0,,,2020-08-01,5
P00303,Средняя Полярно-Речная Утка,duck,medium,false,1500.0,0,0,,,2020-08-01,6
P00304,Средняя Медно-Ясная Утка,duck,medium,false,1500.0,0,0,,,2020-08-01,10
P00305,Частая Изумрудно-Речная Утка,duck,frequent,false,1500.0,0,0,,,2020-08-01,8
P00306,Средняя Золото-Сапфировая Утка,duck,medium,false,1500.0,0,0,,,2020-08-01,9
P00307,Редкая Закатно-Полярная Утка,duck,rare,false,1500.0,0,0,,,2020-08-01,5
P00308,Редкая Облачно-Изумрудная Утка,duck,rare,false,1500.0,0,0,,,2020-08-01,4
P00309,Редкая Юго-Степная Утка,duck,rare,false,1500.0,0,0,,,2020-08-01,5
P00310,Редкая Звёздно-Северная Утка,duck,rare,false,1500.0,0,0,,,2020-08-01,3
P00311,Редкая Морозно-Осенняя Утка,duck,rare,false,1500.0,0,0,,,2020-08-01,3
P00312,Средний Степно-Полярный Хамелеон,chameleon,medium,true,1500.0,0,0,,,2020-09-02,20
P00313,Частый Изумрудно-Чёрный Хамелеон,chameleon,frequent,true,1500.0,0,0,,,2020-09-02,29
P00314,Редкий Облачно-Серебряный Хамелеон,chameleon,rare,true,1500.0,0,0,,,2020-09-02,15
P00315,Частый Морозно-Сапфировый Хамелеон,chameleon,frequent,true,1500.0,0,0,,,2020-09-02,33
P00316,Частый Золото-Южный Хамелеон,chameleon,frequent,true,1500.0,0,0,,,2020-09-02,29
P00317,Редкий Горно-Серый Хамелеон,chameleon,rare,true,1500.0,0,0,,,2020-09-02,14
P00318,Редкий Зимне-Серый Хамелеон,chameleon,rare,true,1500.0,0,0,,,2020-09-02,38
P00319,Частый Изумрудно-Мудрый Хамелеон,chameleon,frequent,true,1500.0,0,0,,,2022-11-02,22
P00320,Средняя Весенне-Быстрая Утка,duck,medium,false,1500.0,0,0,,,2022-12-02,5
P00321,Частая Рассветно-Медная Утка,duck,frequent,false,1500.0,0,0,,,2022-12-02,5
P00322,Частая Янтарно-Весенняя Утка,duck,frequent,false,1500.0,0,0,,,2022-12-02,8
P00323,Средняя Рассветно-Речная Утка,duck,medium,false,1500.0,0,0,,,2022-12-02,7
P00324,Частая Весенне-Южная Утка,duck,frequent,false,1500.0,0,0,,,2022-12-02,9
P00325,Частая Закатно-Пёстрая Утка,duck,frequent,false,1500.0,0,0,,,2022-12-02,10
P00326,Частая Северо-Степная Утка,duck,frequent,false,1500.0,0,0,,,2022-12-02,8
P00327,Средняя Летне-Рыжая Утка,duck,medium,false,1500.0,0,0,,,2022-12-02,5
P00328,Редкая Степно-Полярная Утка,duck,rare,false,1500.0,0,0,,,2022-12-02,6
P00329,Частая Закатно-Янтарная Утка,duck,frequent,false,1500.0,0,0,,,2022-12-02,9
P00330,Редкая Юго-Полярная Утка,duck,rare,false,1500.0,0,0,,,2022-12-02,2
P00331,Редкая Изумрудно-Солнечная Утка,duck,rare,false,1500.0,0,0,,,2022-12-02,3
P00332,Редкая Утренне-Тихая Утка,duck,rare,false,1500.0,0,0,,,2022-12-02,4
P00333,Редкая Зимне-Кедровая Утка,duck,rare,false,1500.0,0,0,,,2022-12-02,3
P00334,Средняя Медно-Лёгкая Утка,duck,medium,false,1500.0,0,0,,,2022-12-02,5
P00335,Средний Летне-Мудрый Хамелеон,chameleon,medium,true,1500.0,0,0,,,2023-01-14,33
P00336,Средний Медно-Звёздный Хамелеон,chameleon,medium,true,1500.0,0,0,,,2023-01-14,18
P00337,Редкий Солнечно-Серебряный Хамелеон,chameleon,rare,true,1500.0,0,0,,,2023-01-14,13
P00338,Средний Озёрно-Звёздный Хамелеон,chameleon,medium,true,1500.0,0,0,,,2023-01-14,15
P00339,Средний Звёздно-Утренний Хамелеон,chameleon,medium,true,1500.0,0,0,,,2023-05-29,21
P00340,Редкая Летне-Синяя Утка,duck,rare,false,1500.0,0,0,,,2024-02-10,5
P00341,Редкая Медно-Южная Утка,duck,rare,false,1500.0,0,0,,,2024-02-10,2
P00342,Редкая Серебряно-Звёздная Утка,duck,rare,false,1500.0,0,0,,,2024-02-10,3
P00343,Средняя Степно-Рыжая Утка,duck,medium,false,1500.0,0,0,,,2024-02-10,2
P00344,Частая Солнечно-Весенняя Утка,duck,frequent,false,1500.0,0,0,,,2024-02-10,4
P00345,Средняя Медно-Горная Утка,duck,medium,false,1500.0,0,0,,,2025-12-13,1
P00346,Частая Медно-Звёздная Утка,duck,frequent,false,1500.0,0,0,,,2025-12-13,1
P00347,Частая Рассветно-Лёгкая Утка,duck,frequent,false,1500.0,0,0,,,2025-12-13,1
P00348,Редкая Облачно-Синяя Утка,duck,rare,false,1500.0,0,0,,,2025-12-13,1
P00349,Редкая Речно-Серая Утка,duck,rare,false,1500.0,0,0,,,2025-12-13,1
P00350,Частая Кедрово-Серая Утка,duck,frequent,false,1500.0,0,0,,,2025-12-13,3
