player_id,player_name,initial_eu,initial_marks,initial_dan_date,mock_base_skill,mock_activity,mock_consistency
P001,Алексей Иванов,0,0,,-0.219,0.504,0.777
P002,Анна Соколов,2000,0,,0.929,0.555,0.557
P003,Денис Лебедев,0,0,,0.622,0.581,1.044
P004,Елена Орлов,0,0,,-0.35,0.735,0.693
P005,Владимир Борисов,0,0,,-0.99,0.43,0.71
P006,Ирина Попов,0,0,,0.744,0.691,0.557
P007,Павел Волков,0,0,,-0.821,0.371,1.066
P008,Мария Степанов,0,0,,-0.911,0.41,1.141
P009,Сергей Зайцев,0,0,,-2.693,0.571,1.228
P010,Ольга Смирнов,0,0,,0.119,0.921,0.936
P011,Роман Фёдоров,0,0,,-0.908,0.644,1.173
P012,Наталья Павлов,0,0,,-0.603,0.746,0.632
P013,Илья Никитин,0,0,,0.055,0.785,1.124
P014,Дарья Петров,0,0,,0.975,0.608,1.095
P015,Михаил Михайлов,0,0,,-0.457,0.882,0.945
P016,Алина Семёнов,0,0,,0.686,0.399,0.902
P017,Андрей Андреев,0,0,,-0.253,0.571,1.24
P018,Ксения Яковлев,0,0,,2.512,0.67,0.592
P019,Никита Васильев,0,0,,-0.229,0.702,0.779
P020,Софья Алексеев,0,0,,0.976,0.678,1.128
P021,Максим Николаев,1250,0,,-1.163,0.782,0.616
P022,Виктория Соловьёв,2500,0,,-1.979,0.63,1.172
P023,Евгений Кузнецов,750,0,,0.077,0.89,1.244
P024,Полина Морозов,0,0,,0.72,0.848,0.953
P025,Артём Козлов,0,0,,-1.683,0.428,0.89
P026,Юлия Захаров,0,0,,-0.324,0.196,0.561
P027,Дмитрий Сидоров,0,0,,1.686,0.856,0.655
P028,Татьяна Новиков,0,0,,1.29,0.691,0.609
P029,Кирилл Егоров,500,0,,-0.808,0.562,0.642
P030,Вероника Макаров,0,0,,1.717,0.729,1.135
P031,Алексей Петров,0,0,,-1.102,0.471,1.205
P032,Анна Михайлов,0,0,,-0.009,0.585,0.769
P033,Денис Семёнов,2000,0,,1.282,0.558,0.591
P034,Елена Андреев,0,0,,-1.553,0.305,1.057
P035,Владимир Яковлев,0,0,,1.963,0.667,0.555
P036,Ирина Васильев,0,0,,-0.905,0.907,0.73
P037,Павел Алексеев,1250,0,,-1.701,0.284,0.684
P038,Мария Николаев,0,0,,1.142,0.46,0.566
P039,Сергей Соловьёв,0,0,,-0.217,0.617,0.995
P040,Ольга Кузнецов,1250,0,,-1.035,0.951,0.938
P041,Роман Морозов,0,0,,0.345,0.622,0.928
P042,Наталья Козлов,0,0,,0.4,0.61,0.897
P043,Илья Захаров,0,0,,-0.734,0.547,0.695
P044,Дарья Сидоров,0,0,,1.028,0.537,1.078
P045,Михаил Новиков,0,0,,-2.288,0.761,0.694
P046,Алина Егоров,0,0,,-0.273,0.515,0.872
P047,Андрей Макаров,0,0,,-2.284,0.301,0.782
P048,Ксения Иванов,1250,0,,0.036,0.182,1.036
P049,Никита Соколов,0,0,,1.616,0.727,0.845
P050,Софья Лебедев,0,0,,-1.016,0.442,1.039
P051,Максим Орлов,1750,0,,-0.785,0.717,0.587
P052,Виктория Борисов,0,0,,-0.299,0.723,0.978
P053,Евгений Попов,0,0,,-0.059,0.648,0.835
P054,Полина Волков,0,0,,-1.785,0.813,1.187
P055,Артём Степанов,1500,0,,0.927,0.775,1.215
P056,Юлия Зайцев,0,0,,0.498,0.214,0.982
P057,Дмитрий Смирнов,0,0,,0.923,0.673,0.965
P058,Татьяна Фёдоров,0,0,,0.444,0.377,0.791
P059,Кирилл Павлов,0,0,,0.784,0.42,0.817
P060,Вероника Никитин,0,0,,0.884,0.068,0.793
P061,Алексей Сидоров,0,0,,-2.004,0.616,1.209
P062,Анна Новиков,0,0,,-1.1,0.388,0.974
P063,Денис Егоров,1250,0,,-0.442,0.959,0.911
P064,Елена Макаров,1750,0,,0.763,0.376,1.245
P065,Владимир Иванов,0,0,,-0.67,0.598,0.652
P066,Ирина Соколов,0,0,,0.458,0.474,0.651
P067,Павел Лебедев,0,0,,-1.225,0.643,1.225
P068,Мария Орлов,0,0,,0.308,0.321,1.01
P069,Сергей Борисов,0,0,,-0.331,0.294,0.955
P070,Ольга Попов,0,0,,1.173,0.744,1.048
P071,Роман Волков,0,0,,0.257,0.553,1.01
P072,Наталья Степанов,0,0,,-0.356,0.237,0.758
P073,Илья Зайцев,0,0,,1.585,0.566,0.76
P074,Дарья Смирнов,0,0,,-1.877,0.587,0.698
P075,Михаил Фёдоров,1750,0,,-0.092,0.417,0.693
P076,Алина Павлов,0,0,,-1.722,0.432,0.685
P077,Андрей Никитин,0,0,,-1.667,0.669,0.618
P078,Ксения Петров,0,0,,-0.978,0.395,1.004
P079,Никита Михайлов,0,0,,0.019,0.377,0.841
P080,Софья Семёнов,0,0,,0.59,0.202,1.197
P081,Максим Андреев,0,0,,-1.017,0.636,0.624
P082,Виктория Яковлев,750,0,,-1.528,0.624,1.085
P083,Евгений Васильев,0,0,,-0.922,0.723,1.032
P084,Полина Алексеев,1750,0,,2.265,0.289,1.029
P085,Артём Николаев,0,0,,0.921,0.062,0.996
P086,Юлия Соловьёв,1250,0,,-0.411,0.777,1.051
P087,Дмитрий Кузнецов,0,0,,-1.579,0.937,1.127
P088,Татьяна Морозов,0,0,,0.692,0.722,0.702
P089,Кирилл Козлов,0,0,,-0.441,0.869,0.922
P090,Вероника Захаров,0,0,,-0.742,0.918,0.712
P091,Алексей Смирнов,1000,0,,0.101,0.693,0.665
P092,Анна Фёдоров,1000,0,,-0.439,0.421,0.922
P093,Денис Павлов,0,0,,-0.103,0.696,0.933
P094,Елена Никитин,0,0,,0.49,0.41,0.636
P095,Владимир Петров,0,0,,1.017,0.213,0.707
P096,Ирина Михайлов,0,0,,1.711,0.617,0.602
P097,Павел Семёнов,0,0,,0.134,0.632,1.189
P098,Мария Андреев,0,0,,-1.609,0.774,0.963
P099,Сергей Яковлев,0,0,,-0.316,0.754,0.653
P100,Ольга Васильев,0,0,,-0.551,0.272,1.059
P101,Роман Алексеев,1000,0,,2.261,0.921,1.18
P102,Наталья Николаев,750,0,,-0.766,0.944,1.239
P103,Илья Соловьёв,0,0,,0.597,0.737,0.585
P104,Дарья Кузнецов,1000,0,,0.093,0.891,1.048
P105,Михаил Морозов,0,0,,0.657,0.599,0.684
P106,Алина Козлов,0,0,,-1.603,0.267,1.111
P107,Андрей Захаров,0,0,,0.447,0.16,1.07
P108,Ксения Сидоров,0,0,,-0.491,0.511,0.675
P109,Никита Новиков,0,0,,-0.002,0.374,1.108
P110,Софья Егоров,0,0,,-0.536,0.381,1.027
P111,Максим Макаров,0,0,,0.016,0.918,0.898
P112,Виктория Иванов,0,0,,1.654,0.735,0.919
P113,Евгений Соколов,0,0,,1.245,0.575,1.174
P114,Полина Лебедев,0,0,,1.607,0.629,1.034
P115,Артём Орлов,1500,0,,-1.425,0.28,0.758
P116,Юлия Борисов,0,0,,0.838,0.684,0.941
P117,Дмитрий Попов,0,0,,0.674,0.92,1.206
P118,Татьяна Волков,0,0,,-0.427,0.313,1.142
P119,Кирилл Степанов,0,0,,0.449,0.419,0.811
P120,Вероника Зайцев,1500,0,,-0.228,0.547,1.033
