player_id,player_name,initial_eu,initial_marks,initial_dan_date
P001,Алексей Иванов,0,0,
P002,Анна Соколов,2000,0,
P003,Денис Лебедев,0,0,
P004,Елена Орлов,0,0,
P005,Владимир Борисов,0,0,
P006,Ирина Попов,0,0,
P007,Павел Волков,0,0,
P008,Мария Степанов,0,0,
P009,Сергей Зайцев,0,0,
P010,Ольга Смирнов,0,0,
P011,Роман Фёдоров,0,0,
P012,Наталья Павлов,0,0,
P013,Илья Никитин,0,0,
P014,Дарья Петров,0,0,
P015,Михаил Михайлов,0,0,
P016,Алина Семёнов,0,0,
P017,Андрей Андреев,0,0,
P018,Ксения Яковлев,0,0,
P019,Никита Васильев,0,0,
P020,Софья Алексеев,0,0,
P021,Максим Николаев,1250,0,
P022,Виктория Соловьёв,2500,0,
P023,Евгений Кузнецов,750,0,
P024,Полина Морозов,0,0,
P025,Артём Козлов,0,0,
P026,Юлия Захаров,0,0,
P027,Дмитрий Сидоров,0,0,
P028,Татьяна Новиков,0,0,
P029,Кирилл Егоров,500,0,
P030,Вероника Макаров,0,0,
P031,Алексей Петров,0,0,
P032,Анна Михайлов,0,0,
P033,Денис Семёнов,2000,0,
P034,Елена Андреев,0,0,
P035,Владимир Яковлев,0,0,
P036,Ирина Васильев,0,0,
P037,Павел Алексеев,1250,0,
P038,Мария Николаев,0,0,
P039,Сергей Соловьёв,0,0,
P040,Ольга Кузнецов,1250,0,
P041,Роман Морозов,0,0,
P042,Наталья Козлов,0,0,
P043,Илья Захаров,0,0,
P044,Дарья Сидоров,0,0,
P045,Михаил Новиков,0,0,
P046,Алина Егоров,0,0,
P047,Андрей Макаров,0,0,
P048,Ксения Иванов,1250,0,
P049,Никита Соколов,0,0,
P050,Софья Лебедев,0,0,
P051,Максим Орлов,1750,0,
P052,Виктория Борисов,0,0,
P053,Евгений Попов,0,0,
P054,Полина Волков,0,0,
P055,Артём Степанов,1500,0,
P056,Юлия Зайцев,0,0,
P057,Дмитрий Смирнов,0,0,
P058,Татьяна Фёдоров,0,0,
P059,Кирилл Павлов,0,0,
P060,Вероника Никитин,0,0,
P061,Алексей Сидоров,0,0,
P062,Анна Новиков,0,0,
P063,Денис Егоров,1250,0,
P064,Елена Макаров,1750,0,
P065,Владимир Иванов,0,0,
P066,Ирина Соколов,0,0,
P067,Павел Лебедев,0,0,
P068,Мария Орлов,0,0,
P069,Сергей Борисов,0,0,
P070,Ольга Попов,0,0,
P071,Роман Волков,0,0,
P072,Наталья Степанов,0,0,
P073,Илья Зайцев,0,0,
P074,Дарья Смирнов,0,0,
P075,Михаил Фёдоров,1750,0,
P076,Алина Павлов,0,0,
P077,Андрей Никитин,0,0,
P078,Ксения Петров,0,0,
P079,Никита Михайлов,0,0,
P080,Софья Семёнов,0,0,
P081,Максим Андреев,0,0,
P082,Виктория Яковлев,750,0,
P083,Евгений Васильев,0,0,
P084,Полина Алексеев,1750,0,
P085,Артём Николаев,0,0,
P086,Юлия Соловьёв,1250,0,
P087,Дмитрий Кузнецов,0,0,
P088,Татьяна Морозов,0,0,
P089,Кирилл Козлов,0,0,
P090,Вероника Захаров,0,0,
P091,Алексей Смирнов,1000,0,
P092,Анна Фёдоров,1000,0,
P093,Денис Павлов,0,0,
P094,Елена Никитин,0,0,
P095,Владимир Петров,0,0,
P096,Ирина Михайлов,0,0,
P097,Павел Семёнов,0,0,
P098,Мария Андреев,0,0,
P099,Сергей Яковлев,0,0,
P100,Ольга Васильев,0,0,
P101,Роман Алексеев,1000,0,
P102,Наталья Николаев,750,0,
P103,Илья Соловьёв,0,0,
P104,Дарья Кузнецов,1000,0,
P105,Михаил Морозов,0,0,
P106,Алина Козлов,0,0,
P107,Андрей Захаров,0,0,
P108,Ксения Сидоров,0,0,
P109,Никита Новиков,0,0,
P110,Софья Егоров,0,0,
P111,Максим Макаров,0,0,
P112,Виктория Иванов,0,0,
P113,Евгений Соколов,0,0,
P114,Полина Лебедев,0,0,
P115,Артём Орлов,1500,0,
P116,Юлия Борисов,0,0,
P117,Дмитрий Попов,0,0,
P118,Татьяна Волков,0,0,
P119,Кирилл Степанов,0,0,
P120,Вероника Зайцев,1500,0,
