tournament_id,player_id,place
T003,P073,1
T003,P119,2
T003,P063,3
T003,P027,4
T003,P111,5
T003,P001,6
T003,P058,7
T003,P105,8
T003,P066,9
T003,P023,10
T003,P036,11
T003,P011,12
T003,P070,13
T003,P062,14
T003,P101,15
T003,P110,16
T003,P095,17
T003,P069,18
T003,P052,19
T003,P014,20
T003,P117,21
T003,P034,22
T003,P087,23
T003,P025,24
T003,P022,25
T003,P092,26
T003,P115,27
T003,P074,28
T003,P050,29
T003,P037,30
T003,P021,31
T003,P061,32
T002,P063,1
T002,P017,2
T002,P085,3
T002,P014,4
T002,P027,5
T002,P018,6
T002,P061,7
T002,P024,8
T002,P002,9
T002,P038,10
T002,P118,11
T002,P053,12
T002,P028,13
T002,P004,14
T002,P114,15
T002,P070,16
T002,P068,17
T002,P075,18
T002,P015,19
T002,P096,20
T002,P103,21
T002,P090,22
T002,P097,23
T002,P110,24
T002,P093,25
T002,P046,26
T002,P003,27
T002,P094,28
T002,P020,29
T002,P059,30
T002,P087,31
T002,P088,32
T002,P113,33
T002,P119,34
T002,P108,35
T002,P019,36
T002,P089,37
T002,P023,38
T002,P082,39
T002,P042,40
T002,P021,41
T002,P101,42
T002,P120,43
T002,P072,44
T002,P117,45
T002,P011,46
T002,P025,47
T002,P115,48
T001,P084,1
T001,P030,2
T001,P114,3
T001,P044,4
T001,P112,5
T001,P057,6
T001,P113,7
T001,P096,8
T001,P068,9
T001,P064,10
T001,P071,11
T001,P101,12
T001,P099,13
T001,P117,14
T001,P035,15
T001,P085,16
T001,P018,17
T001,P042,18
T001,P049,19
T001,P073,20
T001,P070,21
T001,P116,22
T001,P041,23
T001,P104,24
T001,P033,25
T001,P102,26
T001,P079,27
T001,P060,28
T001,P038,29
T001,P016,30
T001,P103,31
T001,P097,32
T001,P002,33
T001,P056,34
T001,P048,35
T001,P069,36
T001,P053,37
T001,P003,38
T001,P027,39
T001,P080,40
T001,P075,41
T001,P058,42
T001,P028,43
T001,P020,44
T001,P024,45
T001,P111,46
T001,P108,47
T001,P039,48
T001,P119,49
T001,P007,50
T001,P004,51
T001,P061,52
T001,P014,53
T001,P088,54
T001,P083,55
T001,P006,56
T001,P105,57
T001,P091,58
T001,P065,59
T001,P055,60
T001,P120,61
T001,P054,62
T001,P107,63
T001,P032,64
T001,P115,65
T001,P023,66
T001,P013,67
T001,P026,68
T001,P093,69
T001,P017,70
T001,P094,71
T001,P092,72
T001,P036,73
T001,P005,74
T001,P066,75
T001,P078,76
T001,P063,77
T001,P046,78
T001,P087,79
T001,P100,80
T001,P019,81
T001,P106,82
T001,P010,83
T001,P012,84
T001,P043,85
T001,P110,86
T001,P089,87
T001,P059,88
T001,P081,89
T001,P045,90
T001,P015,91
T001,P034,92
T001,P077,93
T001,P067,94
T001,P118,95
T001,P031,96
T001,P051,97
T001,P029,98
T001,P062,99
T001,P040,100
T001,P090,101
T001,P037,102
T001,P047,103
T001,P074,104
T001,P025,105
T001,P008,106
T001,P022,107
T001,P082,108
T001,P021,109
T001,P076,110
T001,P011,111
T001,P009,112
T005,P101,1
T005,P027,2
T005,P048,3
T005,P049,4
T005,P114,5
T005,P068,6
T005,P080,7
T005,P046,8
T005,P103,9
T005,P008,10
T005,P072,11
T005,P109,12
T005,P059,13
T005,P075,14
T005,P005,15
T005,P001,16
T005,P030,17
T005,P024,18
T005,P081,19
T005,P076,20
T005,P069,21
T005,P023,22
T005,P029,23
T005,P053,24
T005,P039,25
T005,P089,26
T005,P090,27
T005,P077,28
T005,P050,29
T005,P013,30
T005,P083,31
T005,P036,32
T006,P018,1
T006,P104,2
T006,P006,3
T006,P044,4
T006,P035,5
T006,P028,6
T006,P015,7
T006,P096,8
T006,P110,9
T006,P092,10
T006,P002,11
T006,P057,12
T006,P027,13
T006,P042,14
T006,P030,15
T006,P012,16
T006,P120,17
T006,P116,18
T006,P099,19
T006,P102,20
T006,P109,21
T006,P033,22
T006,P058,23
T006,P087,24
T006,P004,25
T006,P052,26
T006,P063,27
T006,P083,28
T006,P072,29
T006,P036,30
T006,P066,31
T006,P091,32
T006,P021,33
T006,P105,34
T006,P005,35
T006,P043,36
T006,P032,37
T006,P113,38
T006,P046,39
T006,P020,40
T006,P019,41
T006,P081,42
T006,P111,43
T006,P013,44
T006,P023,45
T006,P034,46
T006,P055,47
T006,P108,48
T006,P045,49
T006,P022,50
T006,P050,51
T006,P090,52
T006,P031,53
T006,P082,54
T006,P054,55
T006,P061,56
T007,P113,1
T007,P049,2
T007,P073,3
T007,P088,4
T007,P002,5
T007,P024,6
T007,P107,7
T007,P006,8
T007,P093,9
T007,P019,10
T007,P042,11
T007,P015,12
T007,P103,13
T007,P001,14
T007,P092,15
T007,P065,16
T007,P082,17
T007,P102,18
T007,P071,19
T007,P068,20
T007,P021,21
T007,P086,22
T007,P097,23
T007,P098,24
T007,P036,25
T007,P095,26
T007,P115,27
T007,P034,28
T007,P090,29
T007,P078,30
T007,P074,31
T007,P067,32
T007,P100,33
T007,P117,34
T007,P011,35
T007,P037,36
T004,P018,1
T004,P013,2
T004,P010,3
T004,P112,4
T004,P048,5
T004,P027,6
T004,P066,7
T004,P101,8
T004,P095,9
T004,P035,10
T004,P002,11
T004,P028,12
T004,P079,13
T004,P113,14
T004,P056,15
T004,P094,16
T004,P058,17
T004,P059,18
T004,P103,19
T004,P038,20
T004,P046,21
T004,P069,22
T004,P085,23
T004,P106,24
T004,P044,25
T004,P088,26
T004,P107,27
T004,P068,28
T004,P032,29
T004,P102,30
T004,P060,31
T004,P100,32
T004,P006,33
T004,P049,34
T004,P003,35
T004,P001,36
T004,P114,37
T004,P091,38
T004,P020,39
T004,P116,40
T004,P041,41
T004,P111,42
T004,P016,43
T004,P012,44
T004,P089,45
T004,P105,46
T004,P117,47
T004,P072,48
T004,P099,49
T004,P064,50
T004,P021,51
T004,P080,52
T004,P065,53
T004,P075,54
T004,P057,55
T004,P029,56
T004,P071,57
T004,P023,58
T004,P025,59
T004,P053,60
T004,P030,61
T004,P092,62
T004,P042,63
T004,P026,64
T004,P093,65
T004,P043,66
T004,P062,67
T004,P007,68
T004,P119,69
T004,P017,70
T004,P097,71
T004,P109,72
T004,P014,73
T004,P081,74
T004,P019,75
T004,P004,76
T004,P052,77
T004,P074,78
T004,P115,79
T004,P008,80
T004,P051,81
T004,P015,82
T004,P040,83
T004,P104,84
T004,P045,85
T004,P024,86
T004,P108,87
T004,P077,88
T004,P070,89
T004,P076,90
T004,P039,91
T004,P055,92
T004,P110,93
T004,P090,94
T004,P087,95
T004,P037,96
T004,P063,97
T004,P047,98
T004,P054,99
T004,P067,100
T004,P036,101
T004,P118,102
T004,P050,103
T004,P082,104
T004,P031,105
T004,P078,106
T004,P098,107
T004,P061,108
T009,P084,1
T009,P018,2
T009,P027,3
T009,P101,4
T009,P010,5
T009,P020,6
T009,P002,7
T009,P114,8
T009,P039,9
T009,P112,10
T009,P050,11
T009,P086,12
T009,P022,13
T009,P117,14
T009,P032,15
T009,P041,16
T009,P029,17
T009,P015,18
T009,P079,19
T009,P094,20
T009,P076,21
T009,P049,22
T009,P109,23
T009,P063,24
T009,P071,25
T009,P005,26
T009,P088,27
T009,P043,28
T009,P045,29
T009,P065,30
T009,P077,31
T009,P007,32
T009,P074,33
T009,P067,34
T009,P093,35
T009,P009,36
T011,P033,1
T011,P101,2
T011,P049,3
T011,P044,4
T011,P018,5
T011,P080,6
T011,P030,7
T011,P088,8
T011,P061,9
T011,P068,10
T011,P071,11
T011,P034,12
T011,P057,13
T011,P053,14
T011,P075,15
T011,P097,16
T011,P004,17
T011,P042,18
T011,P060,19
T011,P036,20
T011,P091,21
T011,P072,22
T011,P089,23
T011,P070,24
T011,P001,25
T011,P023,26
T011,P007,27
T011,P074,28
T011,P083,29
T011,P040,30
T011,P021,31
T011,P118,32
T011,P086,33
T011,P009,34
T011,P003,35
T011,P108,36
T011,P119,37
T011,P106,38
T011,P066,39
T011,P109,40
T011,P087,41
T011,P090,42
T011,P062,43
T011,P059,44
T011,P082,45
T011,P079,46
T011,P098,47
T011,P092,48
T010,P044,1
T010,P030,2
T010,P113,3
T010,P096,4
T010,P018,5
T010,P027,6
T010,P020,7
T010,P087,8
T010,P057,9
T010,P006,10
T010,P004,11
T010,P028,12
T010,P042,13
T010,P092,14
T010,P055,15
T010,P033,16
T010,P110,17
T010,P084,18
T010,P103,19
T010,P022,20
T010,P015,21
T010,P114,22
T010,P067,23
T010,P016,24
T010,P040,25
T010,P010,26
T010,P086,27
T010,P038,28
T010,P068,29
T010,P069,30
T010,P094,31
T010,P019,32
T010,P026,33
T010,P098,34
T010,P032,35
T010,P051,36
T010,P075,37
T010,P093,38
T010,P061,39
T010,P023,40
T010,P117,41
T010,P071,42
T010,P011,43
T010,P070,44
T010,P112,45
T010,P052,46
T010,P095,47
T010,P077,48
T010,P083,49
T010,P034,50
T010,P048,51
T010,P025,52
T010,P081,53
T010,P065,54
T010,P021,55
T010,P109,56
T010,P062,57
T010,P076,58
T010,P047,59
T010,P041,60
T010,P099,61
T010,P024,62
T010,P054,63
T010,P106,64
T008,P018,1
T008,P030,2
T008,P114,3
T008,P096,4
T008,P055,5
T008,P027,6
T008,P101,7
T008,P064,8
T008,P084,9
T008,P112,10
T008,P016,11
T008,P023,12
T008,P001,13
T008,P019,14
T008,P028,15
T008,P003,16
T008,P119,17
T008,P107,18
T008,P033,19
T008,P105,20
T008,P020,21
T008,P111,22
T008,P044,23
T008,P002,24
T008,P095,25
T008,P060,26
T008,P042,27
T008,P103,28
T008,P093,29
T008,P038,30
T008,P056,31
T008,P049,32
T008,P070,33
T008,P097,34
T008,P073,35
T008,P116,36
T008,P024,37
T008,P102,38
T008,P075,39
T008,P052,40
T008,P005,41
T008,P086,42
T008,P007,43
T008,P006,44
T008,P089,45
T008,P014,46
T008,P120,47
T008,P039,48
T008,P032,49
T008,P108,50
T008,P082,51
T008,P078,52
T008,P013,53
T008,P046,54
T008,P017,55
T008,P012,56
T008,P053,57
T008,P088,58
T008,P061,59
T008,P085,60
T008,P094,61
T008,P109,62
T008,P057,63
T008,P099,64
T008,P036,65
T008,P011,66
T008,P067,67
T008,P004,68
T008,P026,69
T008,P069,70
T008,P090,71
T008,P050,72
T008,P081,73
T008,P074,74
T008,P104,75
T008,P010,76
T008,P079,77
T008,P059,78
T008,P092,79
T008,P051,80
T008,P110,81
T008,P015,82
T008,P009,83
T008,P047,84
T008,P062,85
T008,P054,86
T008,P076,87
T008,P034,88
T008,P072,89
T008,P083,90
T008,P098,91
T008,P037,92
T008,P065,93
T008,P040,94
T008,P021,95
T008,P068,96
T008,P077,97
T008,P025,98
T008,P063,99
T008,P008,100
T008,P115,101
T008,P087,102
T008,P031,103
T008,P045,104
T013,P059,1
T013,P080,2
T013,P096,3
T013,P020,4
T013,P060,5
T013,P113,6
T013,P042,7
T013,P048,8
T013,P010,9
T013,P058,10
T013,P021,11
T013,P008,12
T013,P073,13
T013,P092,14
T013,P004,15
T013,P043,16
T013,P081,17
T013,P025,18
T013,P015,19
T013,P072,20
T013,P061,21
T013,P100,22
T013,P022,23
T013,P009,24
T013,P063,25
T013,P077,26
T013,P007,27
T013,P082,28
T012,P107,1
T012,P018,2
T012,P084,3
T012,P030,4
T012,P073,5
T012,P042,6
T012,P113,7
T012,P112,8
T012,P014,9
T012,P033,10
T012,P096,11
T012,P097,12
T012,P070,13
T012,P027,14
T012,P059,15
T012,P006,16
T012,P019,17
T012,P028,18
T012,P101,19
T012,P119,20
T012,P003,21
T012,P055,22
T012,P088,23
T012,P068,24
T012,P020,25
T012,P049,26
T012,P031,27
T012,P010,28
T012,P038,29
T012,P064,30
T012,P012,31
T012,P066,32
T012,P052,33
T012,P035,34
T012,P104,35
T012,P013,36
T012,P065,37
T012,P092,38
T012,P085,39
T012,P116,40
T012,P044,41
T012,P080,42
T012,P053,43
T012,P002,44
T012,P036,45
T012,P095,46
T012,P114,47
T012,P023,48
T012,P024,49
T012,P093,50
T012,P105,51
T012,P063,52
T012,P091,53
T012,P041,54
T012,P086,55
T012,P005,56
T012,P008,57
T012,P048,58
T012,P079,59
T012,P017,60
T012,P090,61
T012,P058,62
T012,P099,63
T012,P111,64
T012,P050,65
T012,P015,66
T012,P029,67
T012,P075,68
T012,P021,69
T012,P045,70
T012,P072,71
T012,P043,72
T012,P117,73
T012,P102,74
T012,P120,75
T012,P054,76
T012,P037,77
T012,P026,78
T012,P087,79
T012,P061,80
T012,P098,81
T012,P109,82
T012,P032,83
T012,P077,84
T012,P016,85
T012,P040,86
T012,P100,87
T012,P051,88
T012,P046,89
T012,P081,90
T012,P110,91
T012,P025,92
T012,P047,93
T012,P004,94
T012,P069,95
T012,P118,96
T012,P011,97
T012,P082,98
T012,P034,99
T012,P009,100
T012,P022,101
T012,P115,102
T012,P007,103
T012,P083,104
T015,P071,1
T015,P064,2
T015,P116,3
T015,P103,4
T015,P016,5
T015,P024,6
T015,P085,7
T015,P114,8
T015,P119,9
T015,P027,10
T015,P066,11
T015,P019,12
T015,P013,13
T015,P087,14
T015,P015,15
T015,P021,16
T015,P112,17
T015,P041,18
T015,P035,19
T015,P006,20
T015,P042,21
T015,P111,22
T015,P059,23
T015,P044,24
T015,P055,25
T015,P043,26
T015,P033,27
T015,P010,28
T015,P007,29
T015,P082,30
T015,P051,31
T015,P075,32
T015,P102,33
T015,P079,34
T015,P039,35
T015,P050,36
T015,P003,37
T015,P005,38
T015,P023,39
T015,P017,40
T015,P052,41
T015,P086,42
T015,P025,43
T015,P106,44
T015,P031,45
T015,P061,46
T015,P104,47
T015,P100,48
T015,P098,49
T015,P063,50
T015,P040,51
T015,P076,52
T015,P090,53
T015,P045,54
T015,P011,55
T015,P056,56
T014,P114,1
T014,P093,2
T014,P044,3
T014,P027,4
T014,P018,5
T014,P013,6
T014,P024,7
T014,P096,8
T014,P055,9
T014,P112,10
T014,P003,11
T014,P079,12
T014,P060,13
T014,P085,14
T014,P064,15
T014,P102,16
T014,P040,17
T014,P101,18
T014,P088,19
T014,P073,20
T014,P103,21
T014,P017,22
T014,P038,23
T014,P059,24
T014,P094,25
T014,P075,26
T014,P080,27
T014,P109,28
T014,P067,29
T014,P035,30
T014,P119,31
T014,P005,32
T014,P042,33
T014,P070,34
T014,P110,35
T014,P056,36
T014,P049,37
T014,P028,38
T014,P071,39
T014,P010,40
T014,P108,41
T014,P116,42
T014,P054,43
T014,P041,44
T014,P033,45
T014,P020,46
T014,P072,47
T014,P066,48
T014,P078,49
T014,P019,50
T014,P068,51
T014,P016,52
T014,P007,53
T014,P091,54
T014,P002,55
T014,P069,56
T014,P011,57
T014,P031,58
T014,P057,59
T014,P030,60
T014,P050,61
T014,P107,62
T014,P058,63
T014,P021,64
T014,P046,65
T014,P081,66
T014,P014,67
T014,P113,68
T014,P063,69
T014,P039,70
T014,P012,71
T014,P086,72
T014,P099,73
T014,P105,74
T014,P062,75
T014,P034,76
T014,P065,77
T014,P036,78
T014,P051,79
T014,P117,80
T014,P004,81
T014,P026,82
T014,P023,83
T014,P082,84
T014,P120,85
T014,P074,86
T014,P022,87
T014,P090,88
T014,P083,89
T014,P076,90
T014,P032,91
T014,P001,92
T014,P052,93
T014,P097,94
T014,P106,95
T014,P089,96
T014,P043,97
T014,P111,98
T014,P015,99
T014,P025,100
T014,P077,101
T014,P047,102
T014,P045,103
T014,P104,104
T014,P087,105
T014,P009,106
T014,P008,107
T014,P061,108
T017,P055,1
T017,P018,2
T017,P028,3
T017,P035,4
T017,P002,5
T017,P088,6
T017,P117,7
T017,P101,8
T017,P113,9
T017,P017,10
T017,P095,11
T017,P093,12
T017,P120,13
T017,P119,14
T017,P092,15
T017,P041,16
T017,P038,17
T017,P062,18
T017,P074,19
T017,P012,20
T017,P110,21
T017,P004,22
T017,P072,23
T017,P102,24
T017,P013,25
T017,P105,26
T017,P094,27
T017,P026,28
T017,P063,29
T017,P033,30
T017,P016,31
T017,P052,32
T017,P061,33
T017,P083,34
T017,P111,35
T017,P005,36
T017,P116,37
T017,P054,38
T017,P077,39
T017,P115,40
T017,P045,41
T017,P100,42
T017,P098,43
T017,P050,44
T018,P013,1
T018,P027,2
T018,P103,3
T018,P006,4
T018,P114,5
T018,P113,6
T018,P070,7
T018,P101,8
T018,P002,9
T018,P020,10
T018,P097,11
T018,P079,12
T018,P106,13
T018,P044,14
T018,P001,15
T018,P105,16
T018,P073,17
T018,P042,18
T018,P055,19
T018,P043,20
T018,P030,21
T018,P088,22
T018,P003,23
T018,P010,24
T018,P059,25
T018,P116,26
T018,P092,27
T018,P094,28
T018,P023,29
T018,P086,30
T018,P051,31
T018,P090,32
T018,P031,33
T018,P068,34
T018,P066,35
T018,P100,36
T018,P045,37
T018,P087,38
T018,P058,39
T018,P107,40
T018,P102,41
T018,P091,42
T018,P098,43
T018,P099,44
T018,P061,45
T018,P004,46
T018,P012,47
T018,P065,48
T018,P071,49
T018,P005,50
T018,P111,51
T018,P046,52
T018,P067,53
T018,P047,54
T018,P104,55
T018,P040,56
T018,P060,57
T018,P083,58
T018,P015,59
T018,P080,60
T018,P008,61
T018,P054,62
T018,P074,63
T018,P064,64
T016,P030,1
T016,P044,2
T016,P073,3
T016,P114,4
T016,P035,5
T016,P101,6
T016,P064,7
T016,P020,8
T016,P096,9
T016,P080,10
T016,P002,11
T016,P113,12
T016,P104,13
T016,P039,14
T016,P027,15
T016,P103,16
T016,P059,17
T016,P083,18
T016,P116,19
T016,P070,20
T016,P071,21
T016,P031,22
T016,P004,23
T016,P013,24
T016,P058,25
T016,P067,26
T016,P048,27
T016,P052,28
T016,P049,29
T016,P012,30
T016,P019,31
T016,P016,32
T016,P010,33
T016,P038,34
T016,P079,35
T016,P106,36
T016,P107,37
T016,P090,38
T016,P028,39
T016,P093,40
T016,P022,41
T016,P066,42
T016,P089,43
T016,P105,44
T016,P024,45
T016,P100,46
T016,P091,47
T016,P041,48
T016,P026,49
T016,P112,50
T016,P078,51
T016,P056,52
T016,P055,53
T016,P063,54
T016,P021,55
T016,P001,56
T016,P068,57
T016,P092,58
T016,P006,59
T016,P017,60
T016,P110,61
T016,P062,62
T016,P077,63
T016,P043,64
T016,P118,65
T016,P098,66
T016,P075,67
T016,P040,68
T016,P009,69
T016,P060,70
T016,P115,71
T016,P097,72
T016,P015,73
T016,P029,74
T016,P007,75
T016,P099,76
T016,P076,77
T016,P036,78
T016,P008,79
T016,P025,80
T016,P111,81
T016,P074,82
T016,P065,83
T016,P117,84
T016,P034,85
T016,P061,86
T016,P109,87
T016,P087,88
T020,P117,1
T020,P088,2
T020,P070,3
T020,P049,4
T020,P105,5
T020,P075,6
T020,P111,7
T020,P006,8
T020,P011,9
T020,P082,10
T020,P047,11
T020,P063,12
T020,P093,13
T020,P017,14
T020,P074,15
T020,P067,16
T020,P041,17
T020,P022,18
T020,P042,19
T020,P054,20
T019,P101,1
T019,P107,2
T019,P018,3
T019,P033,4
T019,P096,5
T019,P089,6
T019,P020,7
T019,P049,8
T019,P060,9
T019,P030,10
T019,P084,11
T019,P003,12
T019,P117,13
T019,P103,14
T019,P088,15
T019,P057,16
T019,P064,17
T019,P027,18
T019,P093,19
T019,P119,20
T019,P059,21
T019,P071,22
T019,P104,23
T019,P105,24
T019,P044,25
T019,P035,26
T019,P114,27
T019,P011,28
T019,P075,29
T019,P024,30
T019,P094,31
T019,P055,32
T019,P092,33
T019,P116,34
T019,P070,35
T019,P028,36
T019,P113,37
T019,P023,38
T019,P014,39
T019,P002,40
T019,P013,41
T019,P038,42
T019,P111,43
T019,P086,44
T019,P019,45
T019,P048,46
T019,P097,47
T019,P118,48
T019,P050,49
T019,P001,50
T019,P007,51
T019,P053,52
T019,P009,53
T019,P052,54
T019,P016,55
T019,P078,56
T019,P072,57
T019,P022,58
T019,P112,59
T019,P017,60
T019,P025,61
T019,P095,62
T019,P099,63
T019,P109,64
T019,P010,65
T019,P037,66
T019,P026,67
T019,P098,68
T019,P066,69
T019,P083,70
T019,P045,71
T019,P056,72
T019,P065,73
T019,P067,74
T019,P004,75
T019,P042,76
T019,P110,77
T019,P054,78
T019,P100,79
T019,P006,80
T019,P068,81
T019,P039,82
T019,P041,83
T019,P108,84
T019,P074,85
T019,P029,86
T019,P051,87
T019,P012,88
T019,P091,89
T019,P040,90
T019,P069,91
T019,P036,92
T019,P106,93
T019,P043,94
T019,P120,95
T019,P087,96
T019,P034,97
T019,P047,98
T019,P090,99
T019,P115,100
T019,P021,101
T019,P008,102
T019,P031,103
T019,P081,104
T019,P102,105
T019,P077,106
T019,P076,107
T019,P063,108
T019,P080,109
T019,P046,110
T019,P061,111
T019,P082,112
T023,P013,1
T023,P020,2
T023,P096,3
T023,P018,4
T023,P117,5
T023,P059,6
T023,P058,7
T023,P057,8
T023,P068,9
T023,P066,10
T023,P088,11
T023,P016,12
T023,P071,13
T023,P019,14
T023,P082,15
T023,P105,16
T023,P062,17
T023,P098,18
T023,P004,19
T023,P038,20
T023,P017,21
T023,P097,22
T023,P108,23
T023,P021,24
T023,P112,25
T023,P051,26
T023,P086,27
T023,P055,28
T023,P007,29
T023,P039,30
T023,P036,31
T023,P003,32
T023,P102,33
T023,P100,34
T023,P116,35
T023,P070,36
T023,P081,37
T023,P015,38
T023,P074,39
T023,P090,40
T023,P077,41
T023,P113,42
T023,P052,43
T023,P005,44
T022,P033,1
T022,P096,2
T022,P116,3
T022,P088,4
T022,P114,5
T022,P062,6
T022,P003,7
T022,P119,8
T022,P040,9
T022,P092,10
T022,P089,11
T022,P045,12
T022,P108,13
T022,P110,14
T022,P069,15
T022,P090,16
T022,P050,17
T022,P086,18
T022,P115,19
T022,P087,20
T024,P113,1
T024,P049,2
T024,P035,3
T024,P102,4
T024,P031,5
T024,P014,6
T024,P097,7
T024,P038,8
T024,P073,9
T024,P011,10
T024,P063,11
T024,P027,12
T024,P106,13
T024,P082,14
T024,P041,15
T024,P021,16
T024,P004,17
T024,P110,18
T024,P101,19
T024,P095,20
T024,P001,21
T024,P069,22
T024,P086,23
T024,P057,24
T024,P081,25
T024,P008,26
T024,P029,27
T024,P022,28
T024,P039,29
T024,P016,30
T024,P062,31
T024,P098,32
T021,P101,1
T021,P112,2
T021,P011,3
T021,P119,4
T021,P107,5
T021,P016,6
T021,P044,7
T021,P078,8
T021,P120,9
T021,P041,10
T021,P083,11
T021,P035,12
T021,P049,13
T021,P018,14
T021,P096,15
T021,P010,16
T021,P113,17
T021,P009,18
T021,P095,19
T021,P067,20
T021,P103,21
T021,P084,22
T021,P070,23
T021,P014,24
T021,P015,25
T021,P079,26
T021,P006,27
T021,P024,28
T021,P027,29
T021,P088,30
T021,P057,31
T021,P059,32
T021,P117,33
T021,P013,34
T021,P063,35
T021,P002,36
T021,P031,37
T021,P004,38
T021,P104,39
T021,P019,40
T021,P051,41
T021,P090,42
T021,P055,43
T021,P081,44
T021,P089,45
T021,P109,46
T021,P050,47
T021,P042,48
T021,P080,49
T021,P093,50
T021,P048,51
T021,P032,52
T021,P075,53
T021,P108,54
T021,P043,55
T021,P012,56
T021,P046,57
T021,P065,58
T021,P005,59
T021,P087,60
T021,P023,61
T021,P097,62
T021,P036,63
T021,P115,64
T021,P098,65
T021,P022,66
T021,P069,67
T021,P062,68
T021,P068,69
T021,P071,70
T021,P025,71
T021,P106,72
T021,P082,73
T021,P054,74
T021,P053,75
T021,P021,76
T021,P052,77
T021,P029,78
T021,P040,79
T021,P061,80
T027,P101,1
T027,P014,2
T027,P055,3
T027,P035,4
T027,P111,5
T027,P112,6
T027,P013,7
T027,P011,8
T027,P018,9
T027,P016,10
T027,P002,11
T027,P052,12
T027,P032,13
T027,P006,14
T027,P073,15
T027,P114,16
T027,P103,17
T027,P026,18
T027,P056,19
T027,P031,20
T027,P108,21
T027,P057,22
T027,P099,23
T027,P030,24
T027,P047,25
T027,P058,26
T027,P100,27
T027,P074,28
T027,P091,29
T027,P024,30
T027,P070,31
T027,P076,32
T027,P059,33
T027,P075,34
T027,P079,35
T027,P085,36
T027,P042,37
T027,P104,38
T027,P021,39
T027,P096,40
T027,P087,41
T027,P017,42
T027,P005,43
T027,P115,44
T027,P062,45
T027,P106,46
T027,P004,47
T027,P066,48
T027,P040,49
T027,P117,50
T027,P036,51
T027,P068,52
T027,P089,53
T027,P083,54
T027,P061,55
T027,P067,56
T027,P069,57
T027,P053,58
T027,P010,59
T027,P050,60
T026,P057,1
T026,P044,2
T026,P096,3
T026,P006,4
T026,P028,5
T026,P052,6
T026,P070,7
T026,P048,8
T026,P055,9
T026,P016,10
T026,P089,11
T026,P013,12
T026,P116,13
T026,P008,14
T026,P093,15
T026,P054,16
T026,P098,17
T026,P022,18
T026,P067,19
T026,P118,20
T025,P114,1
T025,P035,2
T025,P080,3
T025,P018,4
T025,P044,5
T025,P030,6
T025,P116,7
T025,P057,8
T025,P084,9
T025,P101,10
T025,P003,11
T025,P063,12
T025,P103,13
T025,P058,14
T025,P020,15
T025,P027,16
T025,P085,17
T025,P014,18
T025,P038,19
T025,P119,20
T025,P028,21
T025,P100,22
T025,P049,23
T025,P073,24
T025,P105,25
T025,P070,26
T025,P064,27
T025,P109,28
T025,P006,29
T025,P055,30
T025,P002,31
T025,P042,32
T025,P036,33
T025,P041,34
T025,P079,35
T025,P069,36
T025,P071,37
T025,P088,38
T025,P013,39
T025,P023,40
T025,P106,41
T025,P095,42
T025,P004,43
T025,P048,44
T025,P052,45
T025,P104,46
T025,P050,47
T025,P099,48
T025,P032,49
T025,P017,50
T025,P001,51
T025,P051,52
T025,P065,53
T025,P120,54
T025,P094,55
T025,P031,56
T025,P096,57
T025,P112,58
T025,P107,59
T025,P093,60
T025,P019,61
T025,P059,62
T025,P043,63
T025,P054,64
T025,P066,65
T025,P086,66
T025,P118,67
T025,P046,68
T025,P090,69
T025,P021,70
T025,P033,71
T025,P034,72
T025,P061,73
T025,P113,74
T025,P102,75
T025,P075,76
T025,P091,77
T025,P047,78
T025,P029,79
T025,P053,80
T025,P026,81
T025,P025,82
T025,P089,83
T025,P108,84
T025,P074,85
T025,P012,86
T025,P037,87
T025,P081,88
T025,P087,89
T025,P016,90
T025,P115,91
T025,P078,92
T025,P117,93
T025,P076,94
T025,P015,95
T025,P045,96
T025,P040,97
T025,P067,98
T025,P011,99
T025,P010,100
T025,P077,101
T025,P097,102
T025,P110,103
T025,P083,104
T025,P009,105
T025,P082,106
T025,P098,107
T025,P022,108
T030,P101,1
T030,P030,2
T030,P014,3
T030,P059,4
T030,P035,5
T030,P042,6
T030,P070,7
T030,P105,8
T030,P002,9
T030,P040,10
T030,P024,11
T030,P028,12
T030,P056,13
T030,P103,14
T030,P116,15
T030,P088,16
T030,P094,17
T030,P048,18
T030,P065,19
T030,P043,20
T030,P089,21
T030,P113,22
T030,P041,23
T030,P062,24
T030,P036,25
T030,P080,26
T030,P092,27
T030,P077,28
T030,P010,29
T030,P005,30
T030,P061,31
T030,P038,32
T030,P023,33
T030,P006,34
T030,P095,35
T030,P025,36
T030,P081,37
T030,P046,38
T030,P076,39
T030,P057,40
T030,P071,41
T030,P083,42
T030,P099,43
T030,P091,44
T030,P031,45
T030,P008,46
T030,P100,47
T030,P051,48
T030,P086,49
T030,P045,50
T030,P055,51
T030,P064,52
T029,P102,1
T029,P024,2
T029,P032,3
T029,P111,4
T029,P055,5
T029,P097,6
T029,P085,7
T029,P008,8
T029,P071,9
T029,P052,10
T029,P081,11
T029,P027,12
T029,P110,13
T029,P050,14
T029,P070,15
T029,P088,16
T029,P029,17
T029,P003,18
T029,P005,19
T029,P109,20
T029,P083,21
T029,P031,22
T029,P105,23
T029,P051,24
T029,P098,25
T029,P058,26
T029,P045,27
T029,P115,28
T029,P090,29
T029,P013,30
T029,P063,31
T029,P016,32
T028,P101,1
T028,P041,2
T028,P027,3
T028,P018,4
T028,P020,5
T028,P117,6
T028,P096,7
T028,P095,8
T028,P038,9
T028,P116,10
T028,P073,11
T028,P097,12
T028,P049,13
T028,P024,14
T028,P112,15
T028,P114,16
T028,P064,17
T028,P105,18
T028,P059,19
T028,P080,20
T028,P042,21
T028,P044,22
T028,P113,23
T028,P110,24
T028,P075,25
T028,P052,26
T028,P011,27
T028,P057,28
T028,P118,29
T028,P029,30
T028,P109,31
T028,P033,32
T028,P092,33
T028,P086,34
T028,P015,35
T028,P085,36
T028,P039,37
T028,P072,38
T028,P103,39
T028,P066,40
T028,P088,41
T028,P100,42
T028,P104,43
T028,P023,44
T028,P006,45
T028,P001,46
T028,P071,47
T028,P025,48
T028,P111,49
T028,P063,50
T028,P048,51
T028,P010,52
T028,P012,53
T028,P004,54
T028,P091,55
T028,P021,56
T028,P102,57
T028,P003,58
T028,P034,59
T028,P060,60
T028,P069,61
T028,P074,62
T028,P076,63
T028,P081,64
T028,P040,65
T028,P106,66
T028,P045,67
T028,P065,68
T028,P043,69
T028,P090,70
T028,P067,71
T028,P022,72
T028,P083,73
T028,P087,74
T028,P005,75
T028,P098,76
T028,P008,77
T028,P032,78
T028,P009,79
T028,P108,80
T028,P061,81
T028,P053,82
T028,P107,83
T028,P077,84
T028,P030,85
T028,P089,86
T028,P099,87
T028,P062,88
T028,P078,89
T028,P070,90
T028,P082,91
T028,P054,92
T034,P073,1
T034,P060,2
T034,P055,3
T034,P066,4
T034,P028,5
T034,P057,6
T034,P003,7
T034,P018,8
T034,P002,9
T034,P063,10
T034,P058,11
T034,P014,12
T034,P101,13
T034,P114,14
T034,P080,15
T034,P059,16
T034,P044,17
T034,P052,18
T034,P119,19
T034,P035,20
T034,P027,21
T034,P030,22
T034,P031,23
T034,P111,24
T034,P046,25
T034,P020,26
T034,P007,27
T034,P071,28
T034,P006,29
T034,P013,30
T034,P032,31
T034,P086,32
T034,P024,33
T034,P112,34
T034,P019,35
T034,P093,36
T034,P053,37
T034,P092,38
T034,P023,39
T034,P099,40
T034,P090,41
T034,P015,42
T034,P012,43
T034,P103,44
T034,P004,45
T034,P008,46
T034,P079,47
T034,P051,48
T034,P077,49
T034,P088,50
T034,P036,51
T034,P022,52
T034,P096,53
T034,P047,54
T034,P116,55
T034,P089,56
T034,P083,57
T034,P025,58
T034,P109,59
T034,P045,60
T034,P110,61
T034,P040,62
T034,P097,63
T034,P082,64
T033,P049,1
T033,P023,2
T033,P059,3
T033,P100,4
T033,P058,5
T033,P064,6
T033,P052,7
T033,P066,8
T033,P030,9
T033,P018,10
T033,P085,11
T033,P086,12
T033,P006,13
T033,P028,14
T033,P114,15
T033,P020,16
T033,P090,17
T033,P094,18
T033,P063,19
T033,P117,20
T033,P099,21
T033,P106,22
T033,P055,23
T033,P037,24
T033,P022,25
T033,P062,26
T033,P039,27
T033,P034,28
T033,P098,29
T033,P082,30
T033,P009,31
T033,P102,32
T032,P008,1
T032,P015,2
T032,P102,3
T032,P038,4
T032,P011,5
T032,P088,6
T032,P113,7
T032,P003,8
T032,P004,9
T032,P001,10
T032,P105,11
T032,P068,12
T032,P096,13
T032,P017,14
T032,P021,15
T032,P051,16
T032,P097,17
T032,P091,18
T032,P092,19
T032,P116,20
T032,P009,21
T032,P037,22
T032,P024,23
T032,P048,24
T032,P061,25
T032,P013,26
T032,P110,27
T032,P098,28
T032,P120,29
T032,P010,30
T032,P031,31
T032,P054,32
T031,P113,1
T031,P044,2
T031,P120,3
T031,P084,4
T031,P018,5
T031,P020,6
T031,P006,7
T031,P111,8
T031,P101,9
T031,P030,10
T031,P049,11
T031,P103,12
T031,P028,13
T031,P033,14
T031,P014,15
T031,P035,16
T031,P055,17
T031,P073,18
T031,P086,19
T031,P098,20
T031,P066,21
T031,P053,22
T031,P119,23
T031,P059,24
T031,P097,25
T031,P026,26
T031,P038,27
T031,P071,28
T031,P079,29
T031,P093,30
T031,P112,31
T031,P023,32
T031,P068,33
T031,P087,34
T031,P081,35
T031,P043,36
T031,P099,37
T031,P050,38
T031,P001,39
T031,P095,40
T031,P013,41
T031,P041,42
T031,P092,43
T031,P109,44
T031,P032,45
T031,P051,46
T031,P070,47
T031,P090,48
T031,P069,49
T031,P031,50
T031,P075,51
T031,P078,52
T031,P010,53
T031,P003,54
T031,P080,55
T031,P107,56
T031,P017,57
T031,P082,58
T031,P011,59
T031,P105,60
T031,P036,61
T031,P106,62
T031,P091,63
T031,P072,64
T031,P021,65
T031,P102,66
T031,P115,67
T031,P034,68
T031,P024,69
T031,P007,70
T031,P045,71
T031,P076,72
T031,P061,73
T031,P004,74
T031,P077,75
T031,P054,76
T031,P083,77
T031,P009,78
T031,P067,79
T031,P022,80
T036,P028,1
T036,P044,2
T036,P049,3
T036,P114,4
T036,P055,5
T036,P060,6
T036,P027,7
T036,P003,8
T036,P091,9
T036,P011,10
T036,P095,11
T036,P042,12
T036,P035,13
T036,P056,14
T036,P010,15
T036,P024,16
T036,P020,17
T036,P029,18
T036,P004,19
T036,P089,20
T036,P013,21
T036,P012,22
T036,P032,23
T036,P108,24
T036,P014,25
T036,P083,26
T036,P016,27
T036,P085,28
T036,P019,29
T036,P071,30
T036,P100,31
T036,P058,32
T036,P040,33
T036,P107,34
T036,P025,35
T036,P054,36
T035,P018,1
T035,P073,2
T035,P109,3
T035,P107,4
T035,P048,5
T035,P114,6
T035,P049,7
T035,P069,8
T035,P028,9
T035,P093,10
T035,P094,11
T035,P055,12
T035,P096,13
T035,P070,14
T035,P017,15
T035,P027,16
T035,P112,17
T035,P016,18
T035,P035,19
T035,P103,20
T035,P102,21
T035,P057,22
T035,P116,23
T035,P032,24
T035,P105,25
T035,P071,26
T035,P043,27
T035,P101,28
T035,P006,29
T035,P117,30
T035,P119,31
T035,P085,32
T035,P084,33
T035,P002,34
T035,P001,35
T035,P038,36
T035,P100,37
T035,P024,38
T035,P062,39
T035,P092,40
T035,P088,41
T035,P104,42
T035,P056,43
T035,P120,44
T035,P041,45
T035,P111,46
T035,P003,47
T035,P020,48
T035,P086,49
T035,P099,50
T035,P091,51
T035,P064,52
T035,P075,53
T035,P030,54
T035,P113,55
T035,P059,56
T035,P019,57
T035,P072,58
T035,P061,59
T035,P021,60
T035,P089,61
T035,P053,62
T035,P025,63
T035,P058,64
T035,P060,65
T035,P044,66
T035,P066,67
T035,P014,68
T035,P040,69
T035,P087,70
T035,P051,71
T035,P052,72
T035,P083,73
T035,P015,74
T035,P106,75
T035,P046,76
T035,P022,77
T035,P090,78
T035,P045,79
T035,P013,80
T035,P029,81
T035,P108,82
T035,P023,83
T035,P010,84
T035,P081,85
T035,P067,86
T035,P054,87
T035,P098,88
T035,P042,89
T035,P050,90
T035,P004,91
T035,P008,92
T035,P031,93
T035,P080,94
T035,P115,95
T035,P034,96
T035,P077,97
T035,P007,98
T035,P063,99
T035,P036,100
T035,P082,101
T035,P079,102
T035,P074,103
T035,P011,104
T035,P065,105
T035,P118,106
T035,P068,107
T035,P076,108
T035,P039,109
T035,P097,110
T035,P047,111
T035,P037,112
