tournament_id,tournament_name,tournament_date,tournament_order,player_id,place,participants,sessions,is_world_europe
T1,Moscow Open 2025,2025-11-15,1,P01,1,12,6,False
T1,Moscow Open 2025,2025-11-15,1,P02,2,12,6,False
T1,Moscow Open 2025,2025-11-15,1,P03,3,12,6,False
T1,Moscow Open 2025,2025-11-15,1,P04,4,12,6,False
T1,Moscow Open 2025,2025-11-15,1,P05,5,12,6,False
T1,Moscow Open 2025,2025-11-15,1,P06,6,12,6,False
T1,Moscow Open 2025,2025-11-15,1,P07,7,12,6,False
T1,Moscow Open 2025,2025-11-15,1,P08,8,12,6,False
T1,Moscow Open 2025,2025-11-15,1,P09,9,12,6,False
T1,Moscow Open 2025,2025-11-15,1,P10,10,12,6,False
T1,Moscow Open 2025,2025-11-15,1,P11,11,12,6,False
T1,Moscow Open 2025,2025-11-15,1,P12,12,12,6,False
T2,Winter Cup 2026,2026-01-24,2,P01,4,12,5,False
T2,Winter Cup 2026,2026-01-24,2,P02,1,12,5,False
T2,Winter Cup 2026,2026-01-24,2,P03,6,12,5,False
T2,Winter Cup 2026,2026-01-24,2,P04,2,12,5,False
T2,Winter Cup 2026,2026-01-24,2,P05,8,12,5,False
T2,Winter Cup 2026,2026-01-24,2,P06,5,12,5,False
T2,Winter Cup 2026,2026-01-24,2,P07,3,12,5,False
T2,Winter Cup 2026,2026-01-24,2,P08,7,12,5,False
T2,Winter Cup 2026,2026-01-24,2,P09,12,12,5,False
T2,Winter Cup 2026,2026-01-24,2,P10,10,12,5,False
T2,Winter Cup 2026,2026-01-24,2,P11,11,12,5,False
T2,Winter Cup 2026,2026-01-24,2,P12,9,12,5,False
T3,Russian Open 2026,2026-03-21,3,P01,2,12,8,False
T3,Russian Open 2026,2026-03-21,3,P02,5,12,8,False
T3,Russian Open 2026,2026-03-21,3,P03,1,12,8,False
T3,Russian Open 2026,2026-03-21,3,P04,7,12,8,False
T3,Russian Open 2026,2026-03-21,3,P05,4,12,8,False
T3,Russian Open 2026,2026-03-21,3,P06,3,12,8,False
T3,Russian Open 2026,2026-03-21,3,P07,8,12,8,False
T3,Russian Open 2026,2026-03-21,3,P08,6,12,8,False
T3,Russian Open 2026,2026-03-21,3,P09,9,12,8,False
T3,Russian Open 2026,2026-03-21,3,P10,11,12,8,False
T3,Russian Open 2026,2026-03-21,3,P11,10,12,8,False
T3,Russian Open 2026,2026-03-21,3,P12,12,12,8,False
T4,Spring Cup 2026,2026-05-16,4,P01,6,12,4,False
T4,Spring Cup 2026,2026-05-16,4,P02,2,12,4,False
T4,Spring Cup 2026,2026-05-16,4,P03,4,12,4,False
T4,Spring Cup 2026,2026-05-16,4,P04,1,12,4,False
T4,Spring Cup 2026,2026-05-16,4,P05,5,12,4,False
T4,Spring Cup 2026,2026-05-16,4,P06,8,12,4,False
T4,Spring Cup 2026,2026-05-16,4,P07,7,12,4,False
T4,Spring Cup 2026,2026-05-16,4,P08,3,12,4,False
T4,Spring Cup 2026,2026-05-16,4,P09,10,12,4,False
T4,Spring Cup 2026,2026-05-16,4,P10,9,12,4,False
T4,Spring Cup 2026,2026-05-16,4,P11,12,12,4,False
T4,Spring Cup 2026,2026-05-16,4,P12,11,12,4,False
T5,European Major 2026,2026-07-18,5,P01,5,12,10,True
T5,European Major 2026,2026-07-18,5,P02,3,12,10,True
T5,European Major 2026,2026-07-18,5,P03,2,12,10,True
T5,European Major 2026,2026-07-18,5,P04,7,12,10,True
T5,European Major 2026,2026-07-18,5,P05,1,12,10,True
T5,European Major 2026,2026-07-18,5,P06,4,12,10,True
T5,European Major 2026,2026-07-18,5,P07,8,12,10,True
T5,European Major 2026,2026-07-18,5,P08,6,12,10,True
T5,European Major 2026,2026-07-18,5,P09,9,12,10,True
T5,European Major 2026,2026-07-18,5,P10,10,12,10,True
T5,European Major 2026,2026-07-18,5,P11,11,12,10,True
T5,European Major 2026,2026-07-18,5,P12,12,12,10,True
T6,Autumn Cup 2026,2026-09-12,6,P01,3,12,6,False
T6,Autumn Cup 2026,2026-09-12,6,P02,6,12,6,False
T6,Autumn Cup 2026,2026-09-12,6,P03,1,12,6,False
T6,Autumn Cup 2026,2026-09-12,6,P04,5,12,6,False
T6,Autumn Cup 2026,2026-09-12,6,P05,2,12,6,False
T6,Autumn Cup 2026,2026-09-12,6,P06,7,12,6,False
T6,Autumn Cup 2026,2026-09-12,6,P07,4,12,6,False
T6,Autumn Cup 2026,2026-09-12,6,P08,8,12,6,False
T6,Autumn Cup 2026,2026-09-12,6,P09,9,12,6,False
T6,Autumn Cup 2026,2026-09-12,6,P10,10,12,6,False
T6,Autumn Cup 2026,2026-09-12,6,P11,12,12,6,False
T6,Autumn Cup 2026,2026-09-12,6,P12,11,12,6,False
