tournament_id,tournament_name,tournament_date,tournament_order,participants,sessions,is_world_europe,tournament_tier,location
T003,Казань Cup 2015 #2,2015-02-16,1,32,7,False,regional,Казань
T002,Новосибирск Cup 2015 #1,2015-07-14,2,48,4,False,regional,Новосибирск
T001,Russian MCR Open 2015,2015-11-05,3,112,12,False,major,Москва
T005,Москва Cup 2016 #1,2016-02-13,4,32,5,False,regional,Москва
T006,Нижний Новгород Cup 2016 #2,2016-04-18,5,56,7,False,regional,Нижний Новгород
T007,Екатеринбург Cup 2016 #3,2016-06-19,6,36,8,False,regional,Екатеринбург
T004,International MCR Major 2016,2016-11-11,7,108,10,True,international_major,Москва
T009,Новосибирск Cup 2017 #1,2017-02-19,8,36,4,False,regional,Новосибирск
T011,Новосибирск Cup 2017 #3,2017-04-15,9,48,6,False,regional,Новосибирск
T010,Нижний Новгород Cup 2017 #2,2017-07-14,10,64,4,False,regional,Нижний Новгород
T008,Russian MCR Open 2017,2017-09-20,11,104,9,False,major,Москва
T013,Нижний Новгород Cup 2018 #1,2018-07-11,12,28,7,False,regional,Нижний Новгород
T012,Russian MCR Open 2018,2018-10-23,13,104,10,False,major,Москва
T015,Новосибирск Cup 2019 #1,2019-02-21,14,56,6,False,regional,Новосибирск
T014,International MCR Major 2019,2019-09-21,15,108,9,True,international_major,Москва
T017,Москва Cup 2020 #1,2020-04-23,16,44,6,False,regional,Москва
T018,Санкт-Петербург Cup 2020 #2,2020-07-15,17,64,4,False,regional,Санкт-Петербург
T016,Russian MCR Open 2020,2020-09-20,18,88,8,False,major,Москва
T020,Москва Cup 2021 #1,2021-06-13,19,20,5,False,regional,Москва
T019,Russian MCR Open 2021,2021-11-21,20,112,10,False,major,Москва
T023,Казань Cup 2022 #2,2022-04-21,21,44,5,False,regional,Казань
T022,Екатеринбург Cup 2022 #1,2022-06-12,22,20,6,False,regional,Екатеринбург
T024,Казань Cup 2022 #3,2022-07-18,23,32,4,False,regional,Казань
T021,International MCR Major 2022,2022-10-05,24,80,8,True,international_major,Москва
T027,Нижний Новгород Cup 2023 #2,2023-02-17,25,60,5,False,regional,Нижний Новгород
T026,Екатеринбург Cup 2023 #1,2023-04-08,26,20,7,False,regional,Екатеринбург
T025,Russian MCR Open 2023,2023-10-16,27,108,10,False,major,Москва
T030,Нижний Новгород Cup 2024 #2,2024-02-13,28,52,4,False,regional,Нижний Новгород
T029,Екатеринбург Cup 2024 #1,2024-06-20,29,32,4,False,regional,Екатеринбург
T028,Russian MCR Open 2024,2024-11-08,30,92,9,False,major,Москва
T034,Москва Cup 2025 #3,2025-02-18,31,64,6,False,regional,Москва
T033,Казань Cup 2025 #2,2025-06-12,32,32,5,False,regional,Казань
T032,Екатеринбург Cup 2025 #1,2025-07-19,33,32,5,False,regional,Екатеринбург
T031,International MCR Major 2025,2025-11-14,34,80,8,True,international_major,Москва
T036,Москва Cup 2026 #1,2026-07-17,35,36,8,False,regional,Москва
T035,Russian MCR Open 2026,2026-10-11,36,112,8,False,major,Москва
